issue_time,target_time,target_time_local,lead_hour,power_pred
2026-01-31,2026-01-31 00:00:00,2026-01-31 06:00:00,1,0.9758333333333333
2026-01-31,2026-01-31 01:00:00,2026-01-31 07:00:00,2,0.9758333333333333
2026-01-31,2026-01-31 02:00:00,2026-01-31 08:00:00,3,0.9758333333333333
2026-01-31,2026-01-31 03:00:00,2026-01-31 09:00:00,4,0.9758333333333333
2026-01-31,2026-01-31 04:00:00,2026-01-31 10:00:00,5,0.97595
2026-01-31,2026-01-31 05:00:00,2026-01-31 11:00:00,6,0.9772166666666667
2026-01-31,2026-01-31 06:00:00,2026-01-31 12:00:00,7,0.9770333333333334
2026-01-31,2026-01-31 07:00:00,2026-01-31 13:00:00,8,0.9763833333333334
2026-01-31,2026-01-31 08:00:00,2026-01-31 14:00:00,9,0.9747791666666666
2026-01-31,2026-01-31 09:00:00,2026-01-31 15:00:00,10,0.9520833333333334
2026-01-31,2026-01-31 10:00:00,2026-01-31 16:00:00,11,0.9195458333333334
2026-01-31,2026-01-31 11:00:00,2026-01-31 17:00:00,12,0.8340833333333334
2026-01-31,2026-01-31 12:00:00,2026-01-31 18:00:00,13,0.6610104166666662
2026-01-31,2026-01-31 13:00:00,2026-01-31 19:00:00,14,0.5157250000000001
2026-01-31,2026-01-31 14:00:00,2026-01-31 20:00:00,15,0.32532500000000003
2026-01-31,2026-01-31 15:00:00,2026-01-31 21:00:00,16,0.19774999999999998
2026-01-31,2026-01-31 16:00:00,2026-01-31 22:00:00,17,0.1849791666666667
2026-01-31,2026-01-31 17:00:00,2026-01-31 23:00:00,18,0.072575
2026-01-31,2026-01-31 18:00:00,2026-02-01 00:00:00,19,0.05585416666666667
2026-01-31,2026-01-31 19:00:00,2026-02-01 01:00:00,20,0.061950000000000005
2026-01-31,2026-01-31 20:00:00,2026-02-01 02:00:00,21,0.09958333333333334
2026-01-31,2026-01-31 21:00:00,2026-02-01 03:00:00,22,0.1258958333333333
2026-01-31,2026-01-31 22:00:00,2026-02-01 04:00:00,23,0.11312499999999998
2026-01-31,2026-01-31 23:00:00,2026-02-01 05:00:00,24,0.11229166666666666
2026-01-31,2026-02-01 00:00:00,2026-02-01 06:00:00,25,0.12372916666666667
2026-01-31,2026-02-01 01:00:00,2026-02-01 07:00:00,26,0.19379166666666667
2026-01-31,2026-02-01 02:00:00,2026-02-01 08:00:00,27,0.2994666666666667
2026-01-31,2026-02-01 03:00:00,2026-02-01 09:00:00,28,0.3643166666666667
2026-01-31,2026-02-01 04:00:00,2026-02-01 10:00:00,29,0.40077083333333335
2026-01-31,2026-02-01 05:00:00,2026-02-01 11:00:00,30,0.4517208333333333
2026-01-31,2026-02-01 06:00:00,2026-02-01 12:00:00,31,0.49579999999999996
2026-01-31,2026-02-01 07:00:00,2026-02-01 13:00:00,32,0.47851666666666665
2026-01-31,2026-02-01 08:00:00,2026-02-01 14:00:00,33,0.45369583333333335
2026-01-31,2026-02-01 09:00:00,2026-02-01 15:00:00,34,0.44447916666666665
2026-01-31,2026-02-01 10:00:00,2026-02-01 16:00:00,35,0.45830416666666673
2026-01-31,2026-02-01 11:00:00,2026-02-01 17:00:00,36,0.48588333333333344
2026-01-31,2026-02-01 12:00:00,2026-02-01 18:00:00,37,0.4918333333333333
2026-01-31,2026-02-01 13:00:00,2026-02-01 19:00:00,38,0.4909833333333332
2026-01-31,2026-02-01 14:00:00,2026-02-01 20:00:00,39,0.5099666666666667
2026-01-31,2026-02-01 15:00:00,2026-02-01 21:00:00,40,0.5635083333333332
2026-01-31,2026-02-01 16:00:00,2026-02-01 22:00:00,41,0.4091666666666667
2026-01-31,2026-02-01 17:00:00,2026-02-01 23:00:00,42,0.4100333333333333
2026-01-31,2026-02-01 18:00:00,2026-02-02 00:00:00,43,0.4149083333333334
2026-01-31,2026-02-01 19:00:00,2026-02-02 01:00:00,44,0.42270833333333335
2026-01-31,2026-02-01 20:00:00,2026-02-02 02:00:00,45,0.4427333333333334
2026-01-31,2026-02-01 21:00:00,2026-02-02 03:00:00,46,0.5355000000000003
2026-01-31,2026-02-01 22:00:00,2026-02-02 04:00:00,47,0.7124999999999999
2026-01-31,2026-02-01 23:00:00,2026-02-02 05:00:00,48,0.719325
2026-02-01,2026-02-01 00:00:00,2026-02-01 06:00:00,1,0.20044999999999996
2026-02-01,2026-02-01 01:00:00,2026-02-01 07:00:00,2,0.31955000000000006
2026-02-01,2026-02-01 02:00:00,2026-02-01 08:00:00,3,0.39750624999999995
2026-02-01,2026-02-01 03:00:00,2026-02-01 09:00:00,4,0.5095500000000001
2026-02-01,2026-02-01 04:00:00,2026-02-01 10:00:00,5,0.518975
2026-02-01,2026-02-01 05:00:00,2026-02-01 11:00:00,6,0.4304937500000003
2026-02-01,2026-02-01 06:00:00,2026-02-01 12:00:00,7,0.39523125
2026-02-01,2026-02-01 07:00:00,2026-02-01 13:00:00,8,0.3997812499999999
2026-02-01,2026-02-01 08:00:00,2026-02-01 14:00:00,9,0.3764
2026-02-01,2026-02-01 09:00:00,2026-02-01 15:00:00,10,0.3677375
2026-02-01,2026-02-01 10:00:00,2026-02-01 16:00:00,11,0.38073125
2026-02-01,2026-02-01 11:00:00,2026-02-01 17:00:00,12,0.37475
2026-02-01,2026-02-01 12:00:00,2026-02-01 18:00:00,13,0.37887499999999996
2026-02-01,2026-02-01 13:00:00,2026-02-01 19:00:00,14,0.4225312499999998
2026-02-01,2026-02-01 14:00:00,2026-02-01 20:00:00,15,0.4577937500000001
2026-02-01,2026-02-01 15:00:00,2026-02-01 21:00:00,16,0.4873687499999999
2026-02-01,2026-02-01 16:00:00,2026-02-01 22:00:00,17,0.6054645833333339
2026-02-01,2026-02-01 17:00:00,2026-02-01 23:00:00,18,0.5806333333333333
2026-02-01,2026-02-01 18:00:00,2026-02-02 00:00:00,19,0.594333333333333
2026-02-01,2026-02-01 19:00:00,2026-02-02 01:00:00,20,0.6808145833333334
2026-02-01,2026-02-01 20:00:00,2026-02-02 02:00:00,21,0.7125770833333334
2026-02-01,2026-02-01 21:00:00,2026-02-02 03:00:00,22,0.7315395833333332
2026-02-01,2026-02-01 22:00:00,2026-02-02 04:00:00,23,0.7831791666666665
2026-02-01,2026-02-01 23:00:00,2026-02-02 05:00:00,24,0.8186583333333332
2026-02-01,2026-02-02 00:00:00,2026-02-02 06:00:00,25,0.8273916666666666
2026-02-01,2026-02-02 01:00:00,2026-02-02 07:00:00,26,0.8459499999999998
2026-02-01,2026-02-02 02:00:00,2026-02-02 08:00:00,27,0.8614916666666669
2026-02-01,2026-02-02 03:00:00,2026-02-02 09:00:00,28,0.8704833333333332
2026-02-01,2026-02-02 04:00:00,2026-02-02 10:00:00,29,0.9221666666666666
2026-02-01,2026-02-02 05:00:00,2026-02-02 11:00:00,30,0.9328041666666667
2026-02-01,2026-02-02 06:00:00,2026-02-02 12:00:00,31,0.9456416666666666
2026-02-01,2026-02-02 07:00:00,2026-02-02 13:00:00,32,0.9625416666666666
2026-02-01,2026-02-02 08:00:00,2026-02-02 14:00:00,33,0.9656979166666666
2026-02-01,2026-02-02 09:00:00,2026-02-02 15:00:00,34,0.9591291666666666
2026-02-01,2026-02-02 10:00:00,2026-02-02 16:00:00,35,0.9380041666666666
2026-02-01,2026-02-02 11:00:00,2026-02-02 17:00:00,36,0.8481333333333334
2026-02-01,2026-02-02 12:00:00,2026-02-02 18:00:00,37,0.5125166666666667
2026-02-01,2026-02-02 13:00:00,2026-02-02 19:00:00,38,0.40070833333333333
2026-02-01,2026-02-02 14:00:00,2026-02-02 20:00:00,39,0.31407916666666674
2026-02-01,2026-02-02 15:00:00,2026-02-02 21:00:00,40,0.2985916666666667
2026-02-01,2026-02-02 16:00:00,2026-02-02 22:00:00,41,0.07711458333333335
2026-02-01,2026-02-02 17:00:00,2026-02-02 23:00:00,42,0.05448333333333333
2026-02-01,2026-02-02 18:00:00,2026-02-03 00:00:00,43,0.04346666666666667
2026-02-01,2026-02-02 19:00:00,2026-02-03 01:00:00,44,0.04365
2026-02-01,2026-02-02 20:00:00,2026-02-03 02:00:00,45,0.04501666666666667
2026-02-01,2026-02-02 21:00:00,2026-02-03 03:00:00,46,0.06741666666666665
2026-02-01,2026-02-02 22:00:00,2026-02-03 04:00:00,47,0.10303333333333334
2026-02-01,2026-02-02 23:00:00,2026-02-03 05:00:00,48,0.203225
2026-02-02,2026-02-02 00:00:00,2026-02-02 06:00:00,1,0.9360999999999999
2026-02-02,2026-02-02 01:00:00,2026-02-02 07:00:00,2,0.9520833333333334
2026-02-02,2026-02-02 02:00:00,2026-02-02 08:00:00,3,0.9520833333333334
2026-02-02,2026-02-02 03:00:00,2026-02-02 09:00:00,4,0.9526666666666667
2026-02-02,2026-02-02 04:00:00,2026-02-02 10:00:00,5,0.9549270833333334
2026-02-02,2026-02-02 05:00:00,2026-02-02 11:00:00,6,0.9566770833333333
2026-02-02,2026-02-02 06:00:00,2026-02-02 12:00:00,7,0.9572604166666667
2026-02-02,2026-02-02 07:00:00,2026-02-02 13:00:00,8,0.9624375000000001
2026-02-02,2026-02-02 08:00:00,2026-02-02 14:00:00,9,0.9610520833333334
2026-02-02,2026-02-02 09:00:00,2026-02-02 15:00:00,10,0.9520833333333334
2026-02-02,2026-02-02 10:00:00,2026-02-02 16:00:00,11,0.9241124999999999
2026-02-02,2026-02-02 11:00:00,2026-02-02 17:00:00,12,0.8390875
2026-02-02,2026-02-02 12:00:00,2026-02-02 18:00:00,13,0.5780104166666667
2026-02-02,2026-02-02 13:00:00,2026-02-02 19:00:00,14,0.448125
2026-02-02,2026-02-02 14:00:00,2026-02-02 20:00:00,15,0.32532500000000003
2026-02-02,2026-02-02 15:00:00,2026-02-02 21:00:00,16,0.27792500000000003
2026-02-02,2026-02-02 16:00:00,2026-02-02 22:00:00,17,0.26779791666666664
2026-02-02,2026-02-02 17:00:00,2026-02-02 23:00:00,18,0.22111041666666673
2026-02-02,2026-02-02 18:00:00,2026-02-03 00:00:00,19,0.23207916666666661
2026-02-02,2026-02-02 19:00:00,2026-02-03 01:00:00,20,0.3090916666666667
2026-02-02,2026-02-02 20:00:00,2026-02-03 02:00:00,21,0.41847499999999976
2026-02-02,2026-02-02 21:00:00,2026-02-03 03:00:00,22,0.4955166666666669
2026-02-02,2026-02-02 22:00:00,2026-02-03 04:00:00,23,0.5244166666666668
2026-02-02,2026-02-02 23:00:00,2026-02-03 05:00:00,24,0.582345833333333
2026-02-02,2026-02-03 00:00:00,2026-02-03 06:00:00,25,0.52215
2026-02-02,2026-02-03 01:00:00,2026-02-03 07:00:00,26,0.4652166666666665
2026-02-02,2026-02-03 02:00:00,2026-02-03 08:00:00,27,0.39929166666666666
2026-02-02,2026-02-03 03:00:00,2026-02-03 09:00:00,28,0.2629541666666667
2026-02-02,2026-02-03 04:00:00,2026-02-03 10:00:00,29,0.1102083333333333
2026-02-02,2026-02-03 05:00:00,2026-02-03 11:00:00,30,0.06091666666666667
2026-02-02,2026-02-03 06:00:00,2026-02-03 12:00:00,31,0.05847916666666667
2026-02-02,2026-02-03 07:00:00,2026-02-03 13:00:00,32,0.05544791666666667
2026-02-02,2026-02-03 08:00:00,2026-02-03 14:00:00,33,0.04260833333333333
2026-02-02,2026-02-03 09:00:00,2026-02-03 15:00:00,34,0.04481666666666666
2026-02-02,2026-02-03 10:00:00,2026-02-03 16:00:00,35,0.058791666666666666
2026-02-02,2026-02-03 11:00:00,2026-02-03 17:00:00,36,0.05904166666666667
2026-02-02,2026-02-03 12:00:00,2026-02-03 18:00:00,37,0.05697916666666667
2026-02-02,2026-02-03 13:00:00,2026-02-03 19:00:00,38,0.06029166666666667
2026-02-02,2026-02-03 14:00:00,2026-02-03 20:00:00,39,0.06450000000000003
2026-02-02,2026-02-03 15:00:00,2026-02-03 21:00:00,40,0.07392083333333334
2026-02-02,2026-02-03 16:00:00,2026-02-03 22:00:00,41,0.10356666666666667
2026-02-02,2026-02-03 17:00:00,2026-02-03 23:00:00,42,0.12917500000000007
2026-02-02,2026-02-03 18:00:00,2026-02-04 00:00:00,43,0.19080000000000003
2026-02-02,2026-02-03 19:00:00,2026-02-04 01:00:00,44,0.140225
2026-02-02,2026-02-03 20:00:00,2026-02-04 02:00:00,45,0.10583333333333333
2026-02-02,2026-02-03 21:00:00,2026-02-04 03:00:00,46,0.10723333333333335
2026-02-02,2026-02-03 22:00:00,2026-02-04 04:00:00,47,0.1313000000000001
2026-02-02,2026-02-03 23:00:00,2026-02-04 05:00:00,48,0.15680000000000002
2026-02-03,2026-02-03 00:00:00,2026-02-03 06:00:00,1,0.6195104166666671
2026-02-03,2026-02-03 01:00:00,2026-02-03 07:00:00,2,0.5106875
2026-02-03,2026-02-03 02:00:00,2026-02-03 08:00:00,3,0.3408125
2026-02-03,2026-02-03 03:00:00,2026-02-03 09:00:00,4,0.20285
2026-02-03,2026-02-03 04:00:00,2026-02-03 10:00:00,5,0.0649166666666667
2026-02-03,2026-02-03 05:00:00,2026-02-03 11:00:00,6,0.0625
2026-02-03,2026-02-03 06:00:00,2026-02-03 12:00:00,7,0.0625
2026-02-03,2026-02-03 07:00:00,2026-02-03 13:00:00,8,0.0625
2026-02-03,2026-02-03 08:00:00,2026-02-03 14:00:00,9,0.05613958333333334
2026-02-03,2026-02-03 09:00:00,2026-02-03 15:00:00,10,0.050222916666666666
2026-02-03,2026-02-03 10:00:00,2026-02-03 16:00:00,11,0.06176041666666665
2026-02-03,2026-02-03 11:00:00,2026-02-03 17:00:00,12,0.06298333333333332
2026-02-03,2026-02-03 12:00:00,2026-02-03 18:00:00,13,0.11966458333333334
2026-02-03,2026-02-03 13:00:00,2026-02-03 19:00:00,14,0.20234999999999997
2026-02-03,2026-02-03 14:00:00,2026-02-03 20:00:00,15,0.25351666666666667
2026-02-03,2026-02-03 15:00:00,2026-02-03 21:00:00,16,0.2871083333333333
2026-02-03,2026-02-03 16:00:00,2026-02-03 22:00:00,17,0.07625
2026-02-03,2026-02-03 17:00:00,2026-02-03 23:00:00,18,0.09208333333333335
2026-02-03,2026-02-03 18:00:00,2026-02-04 00:00:00,19,0.13591666666666666
2026-02-03,2026-02-03 19:00:00,2026-02-04 01:00:00,20,0.13564583333333338
2026-02-03,2026-02-03 20:00:00,2026-02-04 02:00:00,21,0.12291666666666674
2026-02-03,2026-02-03 21:00:00,2026-02-04 03:00:00,22,0.17616666666666672
2026-02-03,2026-02-03 22:00:00,2026-02-04 04:00:00,23,0.22037916666666668
2026-02-03,2026-02-03 23:00:00,2026-02-04 05:00:00,24,0.2547479166666667
2026-02-03,2026-02-04 00:00:00,2026-02-04 06:00:00,25,0.29027291666666666
2026-02-03,2026-02-04 01:00:00,2026-02-04 07:00:00,26,0.3015666666666667
2026-02-03,2026-02-04 02:00:00,2026-02-04 08:00:00,27,0.29920416666666666
2026-02-03,2026-02-04 03:00:00,2026-02-04 09:00:00,28,0.2854291666666666
2026-02-03,2026-02-04 04:00:00,2026-02-04 10:00:00,29,0.2532854166666667
2026-02-03,2026-02-04 05:00:00,2026-02-04 11:00:00,30,0.18404166666666674
2026-02-03,2026-02-04 06:00:00,2026-02-04 12:00:00,31,0.10145833333333334
2026-02-03,2026-02-04 07:00:00,2026-02-04 13:00:00,32,0.0719375
2026-02-03,2026-02-04 08:00:00,2026-02-04 14:00:00,33,0.07059166666666666
2026-02-03,2026-02-04 09:00:00,2026-02-04 15:00:00,34,0.07484166666666667
2026-02-03,2026-02-04 10:00:00,2026-02-04 16:00:00,35,0.07916666666666668
2026-02-03,2026-02-04 11:00:00,2026-02-04 17:00:00,36,0.05760416666666667
2026-02-03,2026-02-04 12:00:00,2026-02-04 18:00:00,37,0.027983333333333332
2026-02-03,2026-02-04 13:00:00,2026-02-04 19:00:00,38,0.0688916666666667
2026-02-03,2026-02-04 14:00:00,2026-02-04 20:00:00,39,0.3057666666666667
2026-02-03,2026-02-04 15:00:00,2026-02-04 21:00:00,40,0.5116666666666667
2026-02-03,2026-02-04 16:00:00,2026-02-04 22:00:00,41,0.1338499999999999
2026-02-03,2026-02-04 17:00:00,2026-02-04 23:00:00,42,0.2650958333333334
2026-02-03,2026-02-04 18:00:00,2026-02-05 00:00:00,43,0.36723333333333336
2026-02-03,2026-02-04 19:00:00,2026-02-05 01:00:00,44,0.42455000000000004
2026-02-03,2026-02-04 20:00:00,2026-02-05 02:00:00,45,0.5197666666666673
2026-02-03,2026-02-04 21:00:00,2026-02-05 03:00:00,46,0.6495666666666666
2026-02-03,2026-02-04 22:00:00,2026-02-05 04:00:00,47,0.7124999999999999
2026-02-03,2026-02-04 23:00:00,2026-02-05 05:00:00,48,0.9118999999999999
2026-02-04,2026-02-04 00:00:00,2026-02-04 06:00:00,1,0.4384562499999999
2026-02-04,2026-02-04 01:00:00,2026-02-04 07:00:00,2,0.30485
2026-02-04,2026-02-04 02:00:00,2026-02-04 08:00:00,3,0.20505
2026-02-04,2026-02-04 03:00:00,2026-02-04 09:00:00,4,0.14486250000000003
2026-02-04,2026-02-04 04:00:00,2026-02-04 10:00:00,5,0.08424999999999996
2026-02-04,2026-02-04 05:00:00,2026-02-04 11:00:00,6,0.0625
2026-02-04,2026-02-04 06:00:00,2026-02-04 12:00:00,7,0.0625
2026-02-04,2026-02-04 07:00:00,2026-02-04 13:00:00,8,0.04756041666666664
2026-02-04,2026-02-04 08:00:00,2026-02-04 14:00:00,9,0.03824166666666665
2026-02-04,2026-02-04 09:00:00,2026-02-04 15:00:00,10,0.03350833333333332
2026-02-04,2026-02-04 10:00:00,2026-02-04 16:00:00,11,0.026200000000000005
2026-02-04,2026-02-04 11:00:00,2026-02-04 17:00:00,12,0.053920833333333335
2026-02-04,2026-02-04 12:00:00,2026-02-04 18:00:00,13,0.09246666666666663
2026-02-04,2026-02-04 13:00:00,2026-02-04 19:00:00,14,0.19965
2026-02-04,2026-02-04 14:00:00,2026-02-04 20:00:00,15,0.4782687500000001
2026-02-04,2026-02-04 15:00:00,2026-02-04 21:00:00,16,0.7535833333333335
2026-02-04,2026-02-04 16:00:00,2026-02-04 22:00:00,17,0.7246020833333333
2026-02-04,2026-02-04 17:00:00,2026-02-04 23:00:00,18,0.7460625
2026-02-04,2026-02-04 18:00:00,2026-02-05 00:00:00,19,0.8486791666666667
2026-02-04,2026-02-04 19:00:00,2026-02-05 01:00:00,20,0.9290166666666666
2026-02-04,2026-02-04 20:00:00,2026-02-05 02:00:00,21,0.9672291666666667
2026-02-04,2026-02-04 21:00:00,2026-02-05 03:00:00,22,0.9763291666666667
2026-02-04,2026-02-04 22:00:00,2026-02-05 04:00:00,23,0.979
2026-02-04,2026-02-04 23:00:00,2026-02-05 05:00:00,24,0.98
2026-02-04,2026-02-05 00:00:00,2026-02-05 06:00:00,25,0.98
2026-02-04,2026-02-05 01:00:00,2026-02-05 07:00:00,26,0.98
2026-02-04,2026-02-05 02:00:00,2026-02-05 08:00:00,27,0.98
2026-02-04,2026-02-05 03:00:00,2026-02-05 09:00:00,28,0.98
2026-02-04,2026-02-05 04:00:00,2026-02-05 10:00:00,29,0.98
2026-02-04,2026-02-05 05:00:00,2026-02-05 11:00:00,30,0.98
2026-02-04,2026-02-05 06:00:00,2026-02-05 12:00:00,31,0.98
2026-02-04,2026-02-05 07:00:00,2026-02-05 13:00:00,32,0.98
2026-02-04,2026-02-05 08:00:00,2026-02-05 14:00:00,33,0.98
2026-02-04,2026-02-05 09:00:00,2026-02-05 15:00:00,34,0.979725
2026-02-04,2026-02-05 10:00:00,2026-02-05 16:00:00,35,0.97781875
2026-02-04,2026-02-05 11:00:00,2026-02-05 17:00:00,36,0.9677979166666666
2026-02-04,2026-02-05 12:00:00,2026-02-05 18:00:00,37,0.9298166666666666
2026-02-04,2026-02-05 13:00:00,2026-02-05 19:00:00,38,0.8971125
2026-02-04,2026-02-05 14:00:00,2026-02-05 20:00:00,39,0.8317583333333333
2026-02-04,2026-02-05 15:00:00,2026-02-05 21:00:00,40,0.76735
2026-02-04,2026-02-05 16:00:00,2026-02-05 22:00:00,41,0.7934249999999998
2026-02-04,2026-02-05 17:00:00,2026-02-05 23:00:00,42,0.7124999999999999
2026-02-04,2026-02-05 18:00:00,2026-02-06 00:00:00,43,0.6476000000000003
2026-02-04,2026-02-05 19:00:00,2026-02-06 01:00:00,44,0.52665
2026-02-04,2026-02-05 20:00:00,2026-02-06 02:00:00,45,0.43890833333333323
2026-02-04,2026-02-05 21:00:00,2026-02-06 03:00:00,46,0.4091666666666667
2026-02-04,2026-02-05 22:00:00,2026-02-06 04:00:00,47,0.31295208333333335
2026-02-04,2026-02-05 23:00:00,2026-02-06 05:00:00,48,0.21143333333333353
2026-02-05,2026-02-05 00:00:00,2026-02-05 06:00:00,1,0.98
2026-02-05,2026-02-05 01:00:00,2026-02-05 07:00:00,2,0.98
2026-02-05,2026-02-05 02:00:00,2026-02-05 08:00:00,3,0.98
2026-02-05,2026-02-05 03:00:00,2026-02-05 09:00:00,4,0.98
2026-02-05,2026-02-05 04:00:00,2026-02-05 10:00:00,5,0.9799208333333334
2026-02-05,2026-02-05 05:00:00,2026-02-05 11:00:00,6,0.979475
2026-02-05,2026-02-05 06:00:00,2026-02-05 12:00:00,7,0.9791000000000001
2026-02-05,2026-02-05 07:00:00,2026-02-05 13:00:00,8,0.9772000000000001
2026-02-05,2026-02-05 08:00:00,2026-02-05 14:00:00,9,0.9758333333333333
2026-02-05,2026-02-05 09:00:00,2026-02-05 15:00:00,10,0.9758333333333333
2026-02-05,2026-02-05 10:00:00,2026-02-05 16:00:00,11,0.9636041666666667
2026-02-05,2026-02-05 11:00:00,2026-02-05 17:00:00,12,0.9506562500000001
2026-02-05,2026-02-05 12:00:00,2026-02-05 18:00:00,13,0.8763624999999999
2026-02-05,2026-02-05 13:00:00,2026-02-05 19:00:00,14,0.8633458333333335
2026-02-05,2026-02-05 14:00:00,2026-02-05 20:00:00,15,0.8458916666666667
2026-02-05,2026-02-05 15:00:00,2026-02-05 21:00:00,16,0.8283958333333332
2026-02-05,2026-02-05 16:00:00,2026-02-05 22:00:00,17,0.7326958333333333
2026-02-05,2026-02-05 17:00:00,2026-02-05 23:00:00,18,0.7185895833333333
2026-02-05,2026-02-05 18:00:00,2026-02-06 00:00:00,19,0.7167395833333332
2026-02-05,2026-02-05 19:00:00,2026-02-06 01:00:00,20,0.7014770833333333
2026-02-05,2026-02-05 20:00:00,2026-02-06 02:00:00,21,0.5438145833333334
2026-02-05,2026-02-05 21:00:00,2026-02-06 03:00:00,22,0.4161708333333333
2026-02-05,2026-02-05 22:00:00,2026-02-06 04:00:00,23,0.30112916666666667
2026-02-05,2026-02-05 23:00:00,2026-02-06 05:00:00,24,0.15162500000000007
2026-02-05,2026-02-06 00:00:00,2026-02-06 06:00:00,25,0.04492708333333334
2026-02-05,2026-02-06 01:00:00,2026-02-06 07:00:00,26,0.021320833333333337
2026-02-05,2026-02-06 02:00:00,2026-02-06 08:00:00,27,0.022895833333333334
2026-02-05,2026-02-06 03:00:00,2026-02-06 09:00:00,28,0.04790833333333334
2026-02-05,2026-02-06 04:00:00,2026-02-06 10:00:00,29,0.06676666666666667
2026-02-05,2026-02-06 05:00:00,2026-02-06 11:00:00,30,0.1726041666666667
2026-02-05,2026-02-06 06:00:00,2026-02-06 12:00:00,31,0.3059416666666667
2026-02-05,2026-02-06 07:00:00,2026-02-06 13:00:00,32,0.47483333333333344
2026-02-05,2026-02-06 08:00:00,2026-02-06 14:00:00,33,0.9254666666666667
2026-02-05,2026-02-06 09:00:00,2026-02-06 15:00:00,34,0.9799333333333333
2026-02-05,2026-02-06 10:00:00,2026-02-06 16:00:00,35,0.98
2026-02-05,2026-02-06 11:00:00,2026-02-06 17:00:00,36,0.98
2026-02-05,2026-02-06 12:00:00,2026-02-06 18:00:00,37,0.98
2026-02-05,2026-02-06 13:00:00,2026-02-06 19:00:00,38,0.98
2026-02-05,2026-02-06 14:00:00,2026-02-06 20:00:00,39,0.98
2026-02-05,2026-02-06 15:00:00,2026-02-06 21:00:00,40,0.9794916666666666
2026-02-05,2026-02-06 16:00:00,2026-02-06 22:00:00,41,0.9075
2026-02-05,2026-02-06 17:00:00,2026-02-06 23:00:00,42,0.7768500000000003
2026-02-05,2026-02-06 18:00:00,2026-02-07 00:00:00,43,0.7124999999999999
2026-02-05,2026-02-06 19:00:00,2026-02-07 01:00:00,44,0.417075
2026-02-05,2026-02-06 20:00:00,2026-02-07 02:00:00,45,0.34299375
2026-02-05,2026-02-06 21:00:00,2026-02-07 03:00:00,46,0.3045833333333333
2026-02-05,2026-02-06 22:00:00,2026-02-07 04:00:00,47,0.21852083333333336
2026-02-05,2026-02-06 23:00:00,2026-02-07 05:00:00,48,0.19889166666666666
2026-02-06,2026-02-06 00:00:00,2026-02-06 06:00:00,1,0.29290833333333327
2026-02-06,2026-02-06 01:00:00,2026-02-06 07:00:00,2,0.09367499999999998
2026-02-06,2026-02-06 02:00:00,2026-02-06 08:00:00,3,0.04829999999999998
2026-02-06,2026-02-06 03:00:00,2026-02-06 09:00:00,4,0.0625
2026-02-06,2026-02-06 04:00:00,2026-02-06 10:00:00,5,0.03321249999999999
2026-02-06,2026-02-06 05:00:00,2026-02-06 11:00:00,6,0.0625
2026-02-06,2026-02-06 06:00:00,2026-02-06 12:00:00,7,0.2201979166666667
2026-02-06,2026-02-06 07:00:00,2026-02-06 13:00:00,8,0.5806041666666669
2026-02-06,2026-02-06 08:00:00,2026-02-06 14:00:00,9,0.9554375
2026-02-06,2026-02-06 09:00:00,2026-02-06 15:00:00,10,0.9758333333333333
2026-02-06,2026-02-06 10:00:00,2026-02-06 16:00:00,11,0.9797875
2026-02-06,2026-02-06 11:00:00,2026-02-06 17:00:00,12,0.9803499999999999
2026-02-06,2026-02-06 12:00:00,2026-02-06 18:00:00,13,0.9816666666666666
2026-02-06,2026-02-06 13:00:00,2026-02-06 19:00:00,14,0.9812666666666666
2026-02-06,2026-02-06 14:00:00,2026-02-06 20:00:00,15,0.98
2026-02-06,2026-02-06 15:00:00,2026-02-06 21:00:00,16,0.98
2026-02-06,2026-02-06 16:00:00,2026-02-06 22:00:00,17,0.9787583333333333
2026-02-06,2026-02-06 17:00:00,2026-02-06 23:00:00,18,0.9749749999999999
2026-02-06,2026-02-06 18:00:00,2026-02-07 00:00:00,19,0.9672729166666666
2026-02-06,2026-02-06 19:00:00,2026-02-07 01:00:00,20,0.9430416666666667
2026-02-06,2026-02-06 20:00:00,2026-02-07 02:00:00,21,0.8464958333333334
2026-02-06,2026-02-06 21:00:00,2026-02-07 03:00:00,22,0.4822
2026-02-06,2026-02-06 22:00:00,2026-02-07 04:00:00,23,0.30672916666666666
2026-02-06,2026-02-06 23:00:00,2026-02-07 05:00:00,24,0.23037291666666662
2026-02-06,2026-02-07 00:00:00,2026-02-07 06:00:00,25,0.12427083333333333
2026-02-06,2026-02-07 01:00:00,2026-02-07 07:00:00,26,0.03532083333333333
2026-02-06,2026-02-07 02:00:00,2026-02-07 08:00:00,27,0.020833333333333336
2026-02-06,2026-02-07 03:00:00,2026-02-07 09:00:00,28,0.022270833333333337
2026-02-06,2026-02-07 04:00:00,2026-02-07 10:00:00,29,0.05601041666666666
2026-02-06,2026-02-07 05:00:00,2026-02-07 11:00:00,30,0.15677083333333341
2026-02-06,2026-02-07 06:00:00,2026-02-07 12:00:00,31,0.26179166666666664
2026-02-06,2026-02-07 07:00:00,2026-02-07 13:00:00,32,0.2772916666666666
2026-02-06,2026-02-07 08:00:00,2026-02-07 14:00:00,33,0.2749666666666667
2026-02-06,2026-02-07 09:00:00,2026-02-07 15:00:00,34,0.21989166666666662
2026-02-06,2026-02-07 10:00:00,2026-02-07 16:00:00,35,0.11993749999999999
2026-02-06,2026-02-07 11:00:00,2026-02-07 17:00:00,36,0.05797916666666667
2026-02-06,2026-02-07 12:00:00,2026-02-07 18:00:00,37,0.028633333333333337
2026-02-06,2026-02-07 13:00:00,2026-02-07 19:00:00,38,0.02978333333333333
2026-02-06,2026-02-07 14:00:00,2026-02-07 20:00:00,39,0.07455833333333334
2026-02-06,2026-02-07 15:00:00,2026-02-07 21:00:00,40,0.23500416666666674
2026-02-06,2026-02-07 16:00:00,2026-02-07 22:00:00,41,0.3045833333333333
2026-02-06,2026-02-07 17:00:00,2026-02-07 23:00:00,42,0.34780833333333333
2026-02-06,2026-02-07 18:00:00,2026-02-08 00:00:00,43,0.3875833333333333
2026-02-06,2026-02-07 19:00:00,2026-02-08 01:00:00,44,0.39899166666666674
2026-02-06,2026-02-07 20:00:00,2026-02-08 02:00:00,45,0.4091666666666667
2026-02-06,2026-02-07 21:00:00,2026-02-08 03:00:00,46,0.45250833333333357
2026-02-06,2026-02-07 22:00:00,2026-02-08 04:00:00,47,0.5522166666666671
2026-02-06,2026-02-07 23:00:00,2026-02-08 05:00:00,48,0.7124999999999999
2026-02-07,2026-02-07 00:00:00,2026-02-07 06:00:00,1,0.044749999999999984
2026-02-07,2026-02-07 01:00:00,2026-02-07 07:00:00,2,0.01695
2026-02-07,2026-02-07 02:00:00,2026-02-07 08:00:00,3,0.011708333333333333
2026-02-07,2026-02-07 03:00:00,2026-02-07 09:00:00,4,0.018283333333333335
2026-02-07,2026-02-07 04:00:00,2026-02-07 10:00:00,5,0.10213333333333335
2026-02-07,2026-02-07 05:00:00,2026-02-07 11:00:00,6,0.2859
2026-02-07,2026-02-07 06:00:00,2026-02-07 12:00:00,7,0.36546875
2026-02-07,2026-02-07 07:00:00,2026-02-07 13:00:00,8,0.338975
2026-02-07,2026-02-07 08:00:00,2026-02-07 14:00:00,9,0.2457333333333333
2026-02-07,2026-02-07 09:00:00,2026-02-07 15:00:00,10,0.14903333333333332
2026-02-07,2026-02-07 10:00:00,2026-02-07 16:00:00,11,0.0625
2026-02-07,2026-02-07 11:00:00,2026-02-07 17:00:00,12,0.019408333333333333
2026-02-07,2026-02-07 12:00:00,2026-02-07 18:00:00,13,0.019508333333333332
2026-02-07,2026-02-07 13:00:00,2026-02-07 19:00:00,14,0.07554999999999998
2026-02-07,2026-02-07 14:00:00,2026-02-07 20:00:00,15,0.19685000000000002
2026-02-07,2026-02-07 15:00:00,2026-02-07 21:00:00,16,0.340025
2026-02-07,2026-02-07 16:00:00,2026-02-07 22:00:00,17,0.3016541666666667
2026-02-07,2026-02-07 17:00:00,2026-02-07 23:00:00,18,0.38896666666666657
2026-02-07,2026-02-07 18:00:00,2026-02-08 00:00:00,19,0.4201208333333333
2026-02-07,2026-02-07 19:00:00,2026-02-08 01:00:00,20,0.48701666666666676
2026-02-07,2026-02-07 20:00:00,2026-02-08 02:00:00,21,0.5695020833333332
2026-02-07,2026-02-07 21:00:00,2026-02-08 03:00:00,22,0.6003270833333337
2026-02-07,2026-02-07 22:00:00,2026-02-08 04:00:00,23,0.5020333333333332
2026-02-07,2026-02-07 23:00:00,2026-02-08 05:00:00,24,0.44974583333333346
2026-02-07,2026-02-08 00:00:00,2026-02-08 06:00:00,25,0.401375
2026-02-07,2026-02-08 01:00:00,2026-02-08 07:00:00,26,0.3430666666666667
2026-02-07,2026-02-08 02:00:00,2026-02-08 08:00:00,27,0.30217916666666667
2026-02-07,2026-02-08 03:00:00,2026-02-08 09:00:00,28,0.2623729166666667
2026-02-07,2026-02-08 04:00:00,2026-02-08 10:00:00,29,0.19416666666666665
2026-02-07,2026-02-08 05:00:00,2026-02-08 11:00:00,30,0.07030833333333333
2026-02-07,2026-02-08 06:00:00,2026-02-08 12:00:00,31,0.023308333333333334
2026-02-07,2026-02-08 07:00:00,2026-02-08 13:00:00,32,0.020258333333333337
2026-02-07,2026-02-08 08:00:00,2026-02-08 14:00:00,33,0.020833333333333336
2026-02-07,2026-02-08 09:00:00,2026-02-08 15:00:00,34,0.06634166666666667
2026-02-07,2026-02-08 10:00:00,2026-02-08 16:00:00,35,0.3647416666666666
2026-02-07,2026-02-08 11:00:00,2026-02-08 17:00:00,36,0.9401166666666666
2026-02-07,2026-02-08 12:00:00,2026-02-08 18:00:00,37,0.98
2026-02-07,2026-02-08 13:00:00,2026-02-08 19:00:00,38,0.98
2026-02-07,2026-02-08 14:00:00,2026-02-08 20:00:00,39,0.98
2026-02-07,2026-02-08 15:00:00,2026-02-08 21:00:00,40,0.98
2026-02-07,2026-02-08 16:00:00,2026-02-08 22:00:00,41,0.9820833333333332
2026-02-07,2026-02-08 17:00:00,2026-02-08 23:00:00,42,0.9820833333333332
2026-02-07,2026-02-08 18:00:00,2026-02-09 00:00:00,43,0.9820833333333332
2026-02-07,2026-02-08 19:00:00,2026-02-09 01:00:00,44,0.9820833333333332
2026-02-07,2026-02-08 20:00:00,2026-02-09 02:00:00,45,0.9820833333333332
2026-02-07,2026-02-08 21:00:00,2026-02-09 03:00:00,46,0.9820833333333332
2026-02-07,2026-02-08 22:00:00,2026-02-09 04:00:00,47,0.9820833333333332
2026-02-07,2026-02-08 23:00:00,2026-02-09 05:00:00,48,0.9820833333333332
2026-02-08,2026-02-08 00:00:00,2026-02-08 06:00:00,1,0.44073124999999985
2026-02-08,2026-02-08 01:00:00,2026-02-08 07:00:00,2,0.32348750000000004
2026-02-08,2026-02-08 02:00:00,2026-02-08 08:00:00,3,0.23993958333333332
2026-02-08,2026-02-08 03:00:00,2026-02-08 09:00:00,4,0.19085
2026-02-08,2026-02-08 04:00:00,2026-02-08 10:00:00,5,0.11831458333333335
2026-02-08,2026-02-08 05:00:00,2026-02-08 11:00:00,6,0.05199791666666666
2026-02-08,2026-02-08 06:00:00,2026-02-08 12:00:00,7,0.016
2026-02-08,2026-02-08 07:00:00,2026-02-08 13:00:00,8,0.013874999999999998
2026-02-08,2026-02-08 08:00:00,2026-02-08 14:00:00,9,0.04859583333333331
2026-02-08,2026-02-08 09:00:00,2026-02-08 15:00:00,10,0.25545
2026-02-08,2026-02-08 10:00:00,2026-02-08 16:00:00,11,0.7723958333333332
2026-02-08,2026-02-08 11:00:00,2026-02-08 17:00:00,12,0.9758333333333333
2026-02-08,2026-02-08 12:00:00,2026-02-08 18:00:00,13,0.9798375
2026-02-08,2026-02-08 13:00:00,2026-02-08 19:00:00,14,0.98
2026-02-08,2026-02-08 14:00:00,2026-02-08 20:00:00,15,0.98
2026-02-08,2026-02-08 15:00:00,2026-02-08 21:00:00,16,0.98
2026-02-08,2026-02-08 16:00:00,2026-02-08 22:00:00,17,0.98
2026-02-08,2026-02-08 17:00:00,2026-02-08 23:00:00,18,0.98
2026-02-08,2026-02-08 18:00:00,2026-02-09 00:00:00,19,0.98
2026-02-08,2026-02-08 19:00:00,2026-02-09 01:00:00,20,0.98
2026-02-08,2026-02-08 20:00:00,2026-02-09 02:00:00,21,0.9820625
2026-02-08,2026-02-08 21:00:00,2026-02-09 03:00:00,22,0.9841666666666666
2026-02-08,2026-02-08 22:00:00,2026-02-09 04:00:00,23,0.9841666666666666
2026-02-08,2026-02-08 23:00:00,2026-02-09 05:00:00,24,0.9841666666666666
2026-02-08,2026-02-09 00:00:00,2026-02-09 06:00:00,25,0.9841666666666666
2026-02-08,2026-02-09 01:00:00,2026-02-09 07:00:00,26,0.9841666666666666
2026-02-08,2026-02-09 02:00:00,2026-02-09 08:00:00,27,0.9841666666666666
2026-02-08,2026-02-09 03:00:00,2026-02-09 09:00:00,28,0.9813333333333333
2026-02-08,2026-02-09 04:00:00,2026-02-09 10:00:00,29,0.98
2026-02-08,2026-02-09 05:00:00,2026-02-09 11:00:00,30,0.98
2026-02-08,2026-02-09 06:00:00,2026-02-09 12:00:00,31,0.98
2026-02-08,2026-02-09 07:00:00,2026-02-09 13:00:00,32,0.98
2026-02-08,2026-02-09 08:00:00,2026-02-09 14:00:00,33,0.98
2026-02-08,2026-02-09 09:00:00,2026-02-09 15:00:00,34,0.98
2026-02-08,2026-02-09 10:00:00,2026-02-09 16:00:00,35,0.9788833333333333
2026-02-08,2026-02-09 11:00:00,2026-02-09 17:00:00,36,0.9643416666666667
2026-02-08,2026-02-09 12:00:00,2026-02-09 18:00:00,37,0.862875
2026-02-08,2026-02-09 13:00:00,2026-02-09 19:00:00,38,0.6782458333333334
2026-02-08,2026-02-09 14:00:00,2026-02-09 20:00:00,39,0.48191666666666677
2026-02-08,2026-02-09 15:00:00,2026-02-09 21:00:00,40,0.4015416666666667
2026-02-08,2026-02-09 16:00:00,2026-02-09 22:00:00,41,0.3045833333333333
2026-02-08,2026-02-09 17:00:00,2026-02-09 23:00:00,42,0.3045833333333333
2026-02-08,2026-02-09 18:00:00,2026-02-10 00:00:00,43,0.3656916666666668
2026-02-08,2026-02-09 19:00:00,2026-02-10 01:00:00,44,0.4091666666666667
2026-02-08,2026-02-09 20:00:00,2026-02-10 02:00:00,45,0.4280166666666666
2026-02-08,2026-02-09 21:00:00,2026-02-10 03:00:00,46,0.4431583333333333
2026-02-08,2026-02-09 22:00:00,2026-02-10 04:00:00,47,0.4601583333333333
2026-02-08,2026-02-09 23:00:00,2026-02-10 05:00:00,48,0.4091666666666667
2026-02-09,2026-02-09 00:00:00,2026-02-09 06:00:00,1,0.9816666666666666
2026-02-09,2026-02-09 01:00:00,2026-02-09 07:00:00,2,0.9816666666666666
2026-02-09,2026-02-09 02:00:00,2026-02-09 08:00:00,3,0.9816333333333332
2026-02-09,2026-02-09 03:00:00,2026-02-09 09:00:00,4,0.9813166666666666
2026-02-09,2026-02-09 04:00:00,2026-02-09 10:00:00,5,0.9814916666666665
2026-02-09,2026-02-09 05:00:00,2026-02-09 11:00:00,6,0.9816666666666666
2026-02-09,2026-02-09 06:00:00,2026-02-09 12:00:00,7,0.9816166666666666
2026-02-09,2026-02-09 07:00:00,2026-02-09 13:00:00,8,0.980625
2026-02-09,2026-02-09 08:00:00,2026-02-09 14:00:00,9,0.98
2026-02-09,2026-02-09 09:00:00,2026-02-09 15:00:00,10,0.98
2026-02-09,2026-02-09 10:00:00,2026-02-09 16:00:00,11,0.9794125
2026-02-09,2026-02-09 11:00:00,2026-02-09 17:00:00,12,0.9675375
2026-02-09,2026-02-09 12:00:00,2026-02-09 18:00:00,13,0.8698541666666666
2026-02-09,2026-02-09 13:00:00,2026-02-09 19:00:00,14,0.5953020833333337
2026-02-09,2026-02-09 14:00:00,2026-02-09 20:00:00,15,0.5044312499999997
2026-02-09,2026-02-09 15:00:00,2026-02-09 21:00:00,16,0.3710374999999999
2026-02-09,2026-02-09 16:00:00,2026-02-09 22:00:00,17,0.30042916666666675
2026-02-09,2026-02-09 17:00:00,2026-02-09 23:00:00,18,0.19810416666666666
2026-02-09,2026-02-09 18:00:00,2026-02-10 00:00:00,19,0.14106250000000004
2026-02-09,2026-02-09 19:00:00,2026-02-10 01:00:00,20,0.14350000000000002
2026-02-09,2026-02-09 20:00:00,2026-02-10 02:00:00,21,0.1703125000000001
2026-02-09,2026-02-09 21:00:00,2026-02-10 03:00:00,22,0.2491416666666667
2026-02-09,2026-02-09 22:00:00,2026-02-10 04:00:00,23,0.30804166666666666
2026-02-09,2026-02-09 23:00:00,2026-02-10 05:00:00,24,0.3498666666666668
2026-02-09,2026-02-10 00:00:00,2026-02-10 06:00:00,25,0.3122416666666667
2026-02-09,2026-02-10 01:00:00,2026-02-10 07:00:00,26,0.21696666666666667
2026-02-09,2026-02-10 02:00:00,2026-02-10 08:00:00,27,0.16327083333333328
2026-02-09,2026-02-10 03:00:00,2026-02-10 09:00:00,28,0.18047916666666666
2026-02-09,2026-02-10 04:00:00,2026-02-10 10:00:00,29,0.1825416666666667
2026-02-09,2026-02-10 05:00:00,2026-02-10 11:00:00,30,0.1765416666666667
2026-02-09,2026-02-10 06:00:00,2026-02-10 12:00:00,31,0.18872916666666667
2026-02-09,2026-02-10 07:00:00,2026-02-10 13:00:00,32,0.20729166666666665
2026-02-09,2026-02-10 08:00:00,2026-02-10 14:00:00,33,0.19829166666666664
2026-02-09,2026-02-10 09:00:00,2026-02-10 15:00:00,34,0.15758333333333335
2026-02-09,2026-02-10 10:00:00,2026-02-10 16:00:00,35,0.07958333333333333
2026-02-09,2026-02-10 11:00:00,2026-02-10 17:00:00,36,0.05744791666666667
2026-02-09,2026-02-10 12:00:00,2026-02-10 18:00:00,37,0.04205624999999999
2026-02-09,2026-02-10 13:00:00,2026-02-10 19:00:00,38,0.12562499999999993
2026-02-09,2026-02-10 14:00:00,2026-02-10 20:00:00,39,0.4026458333333333
2026-02-09,2026-02-10 15:00:00,2026-02-10 21:00:00,40,0.8110166666666665
2026-02-09,2026-02-10 16:00:00,2026-02-10 22:00:00,41,0.5856500000000001
2026-02-09,2026-02-10 17:00:00,2026-02-10 23:00:00,42,0.9075
2026-02-09,2026-02-10 18:00:00,2026-02-11 00:00:00,43,0.9235958333333333
2026-02-09,2026-02-10 19:00:00,2026-02-11 01:00:00,44,0.96075625
2026-02-09,2026-02-10 20:00:00,2026-02-11 02:00:00,45,0.9774062499999999
2026-02-09,2026-02-10 21:00:00,2026-02-11 03:00:00,46,0.9800208333333333
2026-02-09,2026-02-10 22:00:00,2026-02-11 04:00:00,47,0.9732979166666665
2026-02-09,2026-02-10 23:00:00,2026-02-11 05:00:00,48,0.9075
2026-02-10,2026-02-10 00:00:00,2026-02-10 06:00:00,1,0.20065
2026-02-10,2026-02-10 01:00:00,2026-02-10 07:00:00,2,0.17951249999999996
2026-02-10,2026-02-10 02:00:00,2026-02-10 08:00:00,3,0.20989791666666668
2026-02-10,2026-02-10 03:00:00,2026-02-10 09:00:00,4,0.24380208333333325
2026-02-10,2026-02-10 04:00:00,2026-02-10 10:00:00,5,0.28493333333333326
2026-02-10,2026-02-10 05:00:00,2026-02-10 11:00:00,6,0.3345125
2026-02-10,2026-02-10 06:00:00,2026-02-10 12:00:00,7,0.2810666666666667
2026-02-10,2026-02-10 07:00:00,2026-02-10 13:00:00,8,0.18715000000000004
2026-02-10,2026-02-10 08:00:00,2026-02-10 14:00:00,9,0.0625
2026-02-10,2026-02-10 09:00:00,2026-02-10 15:00:00,10,0.0403125
2026-02-10,2026-02-10 10:00:00,2026-02-10 16:00:00,11,0.039720833333333344
2026-02-10,2026-02-10 11:00:00,2026-02-10 17:00:00,12,0.02051666666666668
2026-02-10,2026-02-10 12:00:00,2026-02-10 18:00:00,13,0.019158333333333333
2026-02-10,2026-02-10 13:00:00,2026-02-10 19:00:00,14,0.09319166666666674
2026-02-10,2026-02-10 14:00:00,2026-02-10 20:00:00,15,0.3842374999999999
2026-02-10,2026-02-10 15:00:00,2026-02-10 21:00:00,16,0.8707416666666666
2026-02-10,2026-02-10 16:00:00,2026-02-10 22:00:00,17,0.9527916666666666
2026-02-10,2026-02-10 17:00:00,2026-02-10 23:00:00,18,0.9731333333333333
2026-02-10,2026-02-10 18:00:00,2026-02-11 00:00:00,19,0.9783666666666666
2026-02-10,2026-02-10 19:00:00,2026-02-11 01:00:00,20,0.98
2026-02-10,2026-02-10 20:00:00,2026-02-11 02:00:00,21,0.98
2026-02-10,2026-02-10 21:00:00,2026-02-11 03:00:00,22,0.9797583333333333
2026-02-10,2026-02-10 22:00:00,2026-02-11 04:00:00,23,0.9737291666666666
2026-02-10,2026-02-10 23:00:00,2026-02-11 05:00:00,24,0.9254666666666667
2026-02-10,2026-02-11 00:00:00,2026-02-11 06:00:00,25,0.5079833333333335
2026-02-10,2026-02-11 01:00:00,2026-02-11 07:00:00,26,0.23963541666666668
2026-02-10,2026-02-11 02:00:00,2026-02-11 08:00:00,27,0.07073333333333334
2026-02-10,2026-02-11 03:00:00,2026-02-11 09:00:00,28,0.05854166666666667
2026-02-10,2026-02-11 04:00:00,2026-02-11 10:00:00,29,0.061666666666666675
2026-02-10,2026-02-11 05:00:00,2026-02-11 11:00:00,30,0.2594666666666666
2026-02-10,2026-02-11 06:00:00,2026-02-11 12:00:00,31,0.43625
2026-02-10,2026-02-11 07:00:00,2026-02-11 13:00:00,32,0.4010208333333333
2026-02-10,2026-02-11 08:00:00,2026-02-11 14:00:00,33,0.39977083333333335
2026-02-10,2026-02-11 09:00:00,2026-02-11 15:00:00,34,0.4008333333333333
2026-02-10,2026-02-11 10:00:00,2026-02-11 16:00:00,35,0.3057666666666667
2026-02-10,2026-02-11 11:00:00,2026-02-11 17:00:00,36,0.4520500000000001
2026-02-10,2026-02-11 12:00:00,2026-02-11 18:00:00,37,0.8323041666666668
2026-02-10,2026-02-11 13:00:00,2026-02-11 19:00:00,38,0.8784375
2026-02-10,2026-02-11 14:00:00,2026-02-11 20:00:00,39,0.9565291666666667
2026-02-10,2026-02-11 15:00:00,2026-02-11 21:00:00,40,0.97595
2026-02-10,2026-02-11 16:00:00,2026-02-11 22:00:00,41,0.3613749999999999
2026-02-10,2026-02-11 17:00:00,2026-02-11 23:00:00,42,0.4091666666666667
2026-02-10,2026-02-11 18:00:00,2026-02-12 00:00:00,43,0.4091666666666667
2026-02-10,2026-02-11 19:00:00,2026-02-12 01:00:00,44,0.35983333333333356
2026-02-10,2026-02-11 20:00:00,2026-02-12 02:00:00,45,0.36106666666666665
2026-02-10,2026-02-11 21:00:00,2026-02-12 03:00:00,46,0.36754166666666666
2026-02-10,2026-02-11 22:00:00,2026-02-12 04:00:00,47,0.3743250000000002
2026-02-10,2026-02-11 23:00:00,2026-02-12 05:00:00,48,0.30823125
2026-02-11,2026-02-11 00:00:00,2026-02-11 06:00:00,1,0.33083749999999995
2026-02-11,2026-02-11 01:00:00,2026-02-11 07:00:00,2,0.18655000000000002
2026-02-11,2026-02-11 02:00:00,2026-02-11 08:00:00,3,0.16828333333333326
2026-02-11,2026-02-11 03:00:00,2026-02-11 09:00:00,4,0.19485
2026-02-11,2026-02-11 04:00:00,2026-02-11 10:00:00,5,0.23199999999999998
2026-02-11,2026-02-11 05:00:00,2026-02-11 11:00:00,6,0.3698
2026-02-11,2026-02-11 06:00:00,2026-02-11 12:00:00,7,0.533275
2026-02-11,2026-02-11 07:00:00,2026-02-11 13:00:00,8,0.5089000000000001
2026-02-11,2026-02-11 08:00:00,2026-02-11 14:00:00,9,0.36484999999999995
2026-02-11,2026-02-11 09:00:00,2026-02-11 15:00:00,10,0.2438020833333333
2026-02-11,2026-02-11 10:00:00,2026-02-11 16:00:00,11,0.20254999999999998
2026-02-11,2026-02-11 11:00:00,2026-02-11 17:00:00,12,0.3504125
2026-02-11,2026-02-11 12:00:00,2026-02-11 18:00:00,13,0.6705208333333335
2026-02-11,2026-02-11 13:00:00,2026-02-11 19:00:00,14,0.9520833333333334
2026-02-11,2026-02-11 14:00:00,2026-02-11 20:00:00,15,0.9690958333333334
2026-02-11,2026-02-11 15:00:00,2026-02-11 21:00:00,16,0.9520833333333334
2026-02-11,2026-02-11 16:00:00,2026-02-11 22:00:00,17,0.9761124999999999
2026-02-11,2026-02-11 17:00:00,2026-02-11 23:00:00,18,0.9579916666666666
2026-02-11,2026-02-11 18:00:00,2026-02-12 00:00:00,19,0.9175166666666668
2026-02-11,2026-02-11 19:00:00,2026-02-12 01:00:00,20,0.8350333333333334
2026-02-11,2026-02-11 20:00:00,2026-02-12 02:00:00,21,0.7410208333333336
2026-02-11,2026-02-11 21:00:00,2026-02-12 03:00:00,22,0.7070270833333333
2026-02-11,2026-02-11 22:00:00,2026-02-12 04:00:00,23,0.5309708333333336
2026-02-11,2026-02-11 23:00:00,2026-02-12 05:00:00,24,0.46291250000000006
2026-02-11,2026-02-12 00:00:00,2026-02-12 06:00:00,25,0.4012708333333333
2026-02-11,2026-02-12 01:00:00,2026-02-12 07:00:00,26,0.3107541666666667
2026-02-11,2026-02-12 02:00:00,2026-02-12 08:00:00,27,0.25718541666666667
2026-02-11,2026-02-12 03:00:00,2026-02-12 09:00:00,28,0.16002083333333336
2026-02-11,2026-02-12 04:00:00,2026-02-12 10:00:00,29,0.08166666666666669
2026-02-11,2026-02-12 05:00:00,2026-02-12 11:00:00,30,0.057697916666666675
2026-02-11,2026-02-12 06:00:00,2026-02-12 12:00:00,31,0.03248333333333334
2026-02-11,2026-02-12 07:00:00,2026-02-12 13:00:00,32,0.028133333333333337
2026-02-11,2026-02-12 08:00:00,2026-02-12 14:00:00,33,0.02353333333333333
2026-02-11,2026-02-12 09:00:00,2026-02-12 15:00:00,34,0.026483333333333327
2026-02-11,2026-02-12 10:00:00,2026-02-12 16:00:00,35,0.05122083333333333
2026-02-11,2026-02-12 11:00:00,2026-02-12 17:00:00,36,0.09062500000000001
2026-02-11,2026-02-12 12:00:00,2026-02-12 18:00:00,37,0.2063541666666667
2026-02-11,2026-02-12 13:00:00,2026-02-12 19:00:00,38,0.2615979166666667
2026-02-11,2026-02-12 14:00:00,2026-02-12 20:00:00,39,0.2645041666666667
2026-02-11,2026-02-12 15:00:00,2026-02-12 21:00:00,40,0.2242791666666666
2026-02-11,2026-02-12 16:00:00,2026-02-12 22:00:00,41,0.04218333333333334
2026-02-11,2026-02-12 17:00:00,2026-02-12 23:00:00,42,0.03823333333333333
2026-02-11,2026-02-12 18:00:00,2026-02-13 00:00:00,43,0.029299999999999996
2026-02-11,2026-02-12 19:00:00,2026-02-13 01:00:00,44,0.025072916666666667
2026-02-11,2026-02-12 20:00:00,2026-02-13 02:00:00,45,0.014183333333333334
2026-02-11,2026-02-12 21:00:00,2026-02-13 03:00:00,46,0.012495833333333334
2026-02-11,2026-02-12 22:00:00,2026-02-13 04:00:00,47,0.013433333333333332
2026-02-11,2026-02-12 23:00:00,2026-02-13 05:00:00,48,0.025954166666666667
2026-02-12,2026-02-12 00:00:00,2026-02-12 06:00:00,1,0.18645
2026-02-12,2026-02-12 01:00:00,2026-02-12 07:00:00,2,0.11842708333333335
2026-02-12,2026-02-12 02:00:00,2026-02-12 08:00:00,3,0.0625
2026-02-12,2026-02-12 03:00:00,2026-02-12 09:00:00,4,0.019733333333333332
2026-02-12,2026-02-12 04:00:00,2026-02-12 10:00:00,5,0.010833333333333334
2026-02-12,2026-02-12 05:00:00,2026-02-12 11:00:00,6,0.011916666666666666
2026-02-12,2026-02-12 06:00:00,2026-02-12 12:00:00,7,0.019925000000000002
2026-02-12,2026-02-12 07:00:00,2026-02-12 13:00:00,8,0.051850000000000014
2026-02-12,2026-02-12 08:00:00,2026-02-12 14:00:00,9,0.0625
2026-02-12,2026-02-12 09:00:00,2026-02-12 15:00:00,10,0.0625
2026-02-12,2026-02-12 10:00:00,2026-02-12 16:00:00,11,0.11235208333333334
2026-02-12,2026-02-12 11:00:00,2026-02-12 17:00:00,12,0.10865833333333334
2026-02-12,2026-02-12 12:00:00,2026-02-12 18:00:00,13,0.08304166666666671
2026-02-12,2026-02-12 13:00:00,2026-02-12 19:00:00,14,0.1480708333333334
2026-02-12,2026-02-12 14:00:00,2026-02-12 20:00:00,15,0.12191458333333333
2026-02-12,2026-02-12 15:00:00,2026-02-12 21:00:00,16,0.0941583333333334
2026-02-12,2026-02-12 16:00:00,2026-02-12 22:00:00,17,0.16489583333333335
2026-02-12,2026-02-12 17:00:00,2026-02-12 23:00:00,18,0.07455833333333334
2026-02-12,2026-02-12 18:00:00,2026-02-13 00:00:00,19,0.05697916666666667
2026-02-12,2026-02-12 19:00:00,2026-02-13 01:00:00,20,0.03253333333333333
2026-02-12,2026-02-12 20:00:00,2026-02-13 02:00:00,21,0.020945833333333337
2026-02-12,2026-02-12 21:00:00,2026-02-13 03:00:00,22,0.020833333333333336
2026-02-12,2026-02-12 22:00:00,2026-02-13 04:00:00,23,0.018383333333333335
2026-02-12,2026-02-12 23:00:00,2026-02-13 05:00:00,24,0.017108333333333333
2026-02-12,2026-02-13 00:00:00,2026-02-13 06:00:00,25,0.018383333333333335
2026-02-12,2026-02-13 01:00:00,2026-02-13 07:00:00,26,0.020833333333333336
2026-02-12,2026-02-13 02:00:00,2026-02-13 08:00:00,27,0.020920833333333336
2026-02-12,2026-02-13 03:00:00,2026-02-13 09:00:00,28,0.026633333333333335
2026-02-12,2026-02-13 04:00:00,2026-02-13 10:00:00,29,0.04183541666666667
2026-02-12,2026-02-13 05:00:00,2026-02-13 11:00:00,30,0.040179166666666676
2026-02-12,2026-02-13 06:00:00,2026-02-13 12:00:00,31,0.026133333333333328
2026-02-12,2026-02-13 07:00:00,2026-02-13 13:00:00,32,0.020983333333333333
2026-02-12,2026-02-13 08:00:00,2026-02-13 14:00:00,33,0.019333333333333334
2026-02-12,2026-02-13 09:00:00,2026-02-13 15:00:00,34,0.013683333333333336
2026-02-12,2026-02-13 10:00:00,2026-02-13 16:00:00,35,0.012583333333333335
2026-02-12,2026-02-13 11:00:00,2026-02-13 17:00:00,36,0.016933333333333335
2026-02-12,2026-02-13 12:00:00,2026-02-13 18:00:00,37,0.021358333333333337
2026-02-12,2026-02-13 13:00:00,2026-02-13 19:00:00,38,0.039075
2026-02-12,2026-02-13 14:00:00,2026-02-13 20:00:00,39,0.062020833333333344
2026-02-12,2026-02-13 15:00:00,2026-02-13 21:00:00,40,0.13347916666666668
2026-02-12,2026-02-13 16:00:00,2026-02-13 22:00:00,41,0.2043458333333333
2026-02-12,2026-02-13 17:00:00,2026-02-13 23:00:00,42,0.36630833333333335
2026-02-12,2026-02-13 18:00:00,2026-02-14 00:00:00,43,0.42541666666666667
2026-02-12,2026-02-13 19:00:00,2026-02-14 01:00:00,44,0.6417
2026-02-12,2026-02-13 20:00:00,2026-02-14 02:00:00,45,0.7124999999999999
2026-02-12,2026-02-13 21:00:00,2026-02-14 03:00:00,46,0.7124999999999999
2026-02-12,2026-02-13 22:00:00,2026-02-14 04:00:00,47,0.5354999999999996
2026-02-12,2026-02-13 23:00:00,2026-02-14 05:00:00,48,0.4091666666666667
2026-02-13,2026-02-13 00:00:00,2026-02-13 06:00:00,1,0.017333333333333333
2026-02-13,2026-02-13 01:00:00,2026-02-13 07:00:00,2,0.018383333333333335
2026-02-13,2026-02-13 02:00:00,2026-02-13 08:00:00,3,0.01635
2026-02-13,2026-02-13 03:00:00,2026-02-13 09:00:00,4,0.014208333333333333
2026-02-13,2026-02-13 04:00:00,2026-02-13 10:00:00,5,0.013541666666666667
2026-02-13,2026-02-13 05:00:00,2026-02-13 11:00:00,6,0.011625
2026-02-13,2026-02-13 06:00:00,2026-02-13 12:00:00,7,0.010833333333333334
2026-02-13,2026-02-13 07:00:00,2026-02-13 13:00:00,8,0.010833333333333334
2026-02-13,2026-02-13 08:00:00,2026-02-13 14:00:00,9,0.013166666666666665
2026-02-13,2026-02-13 09:00:00,2026-02-13 15:00:00,10,0.015716666666666667
2026-02-13,2026-02-13 10:00:00,2026-02-13 16:00:00,11,0.012375
2026-02-13,2026-02-13 11:00:00,2026-02-13 17:00:00,12,0.0148125
2026-02-13,2026-02-13 12:00:00,2026-02-13 18:00:00,13,0.026329166666666667
2026-02-13,2026-02-13 13:00:00,2026-02-13 19:00:00,14,0.10696666666666667
2026-02-13,2026-02-13 14:00:00,2026-02-13 20:00:00,15,0.22642083333333327
2026-02-13,2026-02-13 15:00:00,2026-02-13 21:00:00,16,0.36959375000000005
2026-02-13,2026-02-13 16:00:00,2026-02-13 22:00:00,17,0.2710916666666667
2026-02-13,2026-02-13 17:00:00,2026-02-13 23:00:00,18,0.40241666666666664
2026-02-13,2026-02-13 18:00:00,2026-02-14 00:00:00,19,0.5686458333333333
2026-02-13,2026-02-13 19:00:00,2026-02-14 01:00:00,20,0.7345458333333333
2026-02-13,2026-02-13 20:00:00,2026-02-14 02:00:00,21,0.8459499999999998
2026-02-13,2026-02-13 21:00:00,2026-02-14 03:00:00,22,0.8735958333333333
2026-02-13,2026-02-13 22:00:00,2026-02-14 04:00:00,23,0.8514083333333335
2026-02-13,2026-02-13 23:00:00,2026-02-14 05:00:00,24,0.7283020833333333
2026-02-13,2026-02-14 00:00:00,2026-02-14 06:00:00,25,0.4989166666666666
2026-02-13,2026-02-14 01:00:00,2026-02-14 07:00:00,26,0.3643166666666667
2026-02-13,2026-02-14 02:00:00,2026-02-14 08:00:00,27,0.25966041666666667
2026-02-13,2026-02-14 03:00:00,2026-02-14 09:00:00,28,0.2298854166666667
2026-02-13,2026-02-14 04:00:00,2026-02-14 10:00:00,29,0.24036666666666662
2026-02-13,2026-02-14 05:00:00,2026-02-14 11:00:00,30,0.23110416666666664
2026-02-13,2026-02-14 06:00:00,2026-02-14 12:00:00,31,0.18347916666666667
2026-02-13,2026-02-14 07:00:00,2026-02-14 13:00:00,32,0.18685416666666665
2026-02-13,2026-02-14 08:00:00,2026-02-14 14:00:00,33,0.2430479166666667
2026-02-13,2026-02-14 09:00:00,2026-02-14 15:00:00,34,0.28736666666666677
2026-02-13,2026-02-14 10:00:00,2026-02-14 16:00:00,35,0.2970166666666667
2026-02-13,2026-02-14 11:00:00,2026-02-14 17:00:00,36,0.23183541666666668
2026-02-13,2026-02-14 12:00:00,2026-02-14 18:00:00,37,0.16110416666666666
2026-02-13,2026-02-14 13:00:00,2026-02-14 19:00:00,38,0.08500000000000002
2026-02-13,2026-02-14 14:00:00,2026-02-14 20:00:00,39,0.05000625
2026-02-13,2026-02-14 15:00:00,2026-02-14 21:00:00,40,0.06329583333333334
2026-02-13,2026-02-14 16:00:00,2026-02-14 22:00:00,41,0.19488333333333333
2026-02-13,2026-02-14 17:00:00,2026-02-14 23:00:00,42,0.10356666666666667
2026-02-13,2026-02-14 18:00:00,2026-02-15 00:00:00,43,0.07194999999999999
2026-02-13,2026-02-14 19:00:00,2026-02-15 01:00:00,44,0.039108333333333335
2026-02-13,2026-02-14 20:00:00,2026-02-15 02:00:00,45,0.026097916666666665
2026-02-13,2026-02-14 21:00:00,2026-02-15 03:00:00,46,0.01388333333333333
2026-02-13,2026-02-14 22:00:00,2026-02-15 04:00:00,47,0.012083333333333335
2026-02-13,2026-02-14 23:00:00,2026-02-15 05:00:00,48,0.019433333333333337
2026-02-14,2026-02-14 00:00:00,2026-02-14 06:00:00,1,0.5780104166666667
2026-02-14,2026-02-14 01:00:00,2026-02-14 07:00:00,2,0.5092249999999999
2026-02-14,2026-02-14 02:00:00,2026-02-14 08:00:00,3,0.37227499999999997
2026-02-14,2026-02-14 03:00:00,2026-02-14 09:00:00,4,0.31482499999999997
2026-02-14,2026-02-14 04:00:00,2026-02-14 10:00:00,5,0.2682583333333334
2026-02-14,2026-02-14 05:00:00,2026-02-14 11:00:00,6,0.22427499999999997
2026-02-14,2026-02-14 06:00:00,2026-02-14 12:00:00,7,0.1352374999999999
2026-02-14,2026-02-14 07:00:00,2026-02-14 13:00:00,8,0.09923333333333333
2026-02-14,2026-02-14 08:00:00,2026-02-14 14:00:00,9,0.07941666666666665
2026-02-14,2026-02-14 09:00:00,2026-02-14 15:00:00,10,0.0625
2026-02-14,2026-02-14 10:00:00,2026-02-14 16:00:00,11,0.06013333333333333
2026-02-14,2026-02-14 11:00:00,2026-02-14 17:00:00,12,0.02820208333333333
2026-02-14,2026-02-14 12:00:00,2026-02-14 18:00:00,13,0.02071041666666666
2026-02-14,2026-02-14 13:00:00,2026-02-14 19:00:00,14,0.018458333333333334
2026-02-14,2026-02-14 14:00:00,2026-02-14 20:00:00,15,0.01745
2026-02-14,2026-02-14 15:00:00,2026-02-14 21:00:00,16,0.01845
2026-02-14,2026-02-14 16:00:00,2026-02-14 22:00:00,17,0.11604166666666665
2026-02-14,2026-02-14 17:00:00,2026-02-14 23:00:00,18,0.05486458333333335
2026-02-14,2026-02-14 18:00:00,2026-02-15 00:00:00,19,0.020920833333333336
2026-02-14,2026-02-14 19:00:00,2026-02-15 01:00:00,20,0.017108333333333333
2026-02-14,2026-02-14 20:00:00,2026-02-15 02:00:00,21,0.012208333333333333
2026-02-14,2026-02-14 21:00:00,2026-02-15 03:00:00,22,0.014358333333333334
2026-02-14,2026-02-14 22:00:00,2026-02-15 04:00:00,23,0.020833333333333336
2026-02-14,2026-02-14 23:00:00,2026-02-15 05:00:00,24,0.03454791666666666
2026-02-14,2026-02-15 00:00:00,2026-02-15 06:00:00,25,0.06733333333333331
2026-02-14,2026-02-15 01:00:00,2026-02-15 07:00:00,26,0.17616666666666672
2026-02-14,2026-02-15 02:00:00,2026-02-15 08:00:00,27,0.2896916666666667
2026-02-14,2026-02-15 03:00:00,2026-02-15 09:00:00,28,0.3923666666666668
2026-02-14,2026-02-15 04:00:00,2026-02-15 10:00:00,29,0.48191666666666677
2026-02-14,2026-02-15 05:00:00,2026-02-15 11:00:00,30,0.7428708333333335
2026-02-14,2026-02-15 06:00:00,2026-02-15 12:00:00,31,0.9231666666666666
2026-02-14,2026-02-15 07:00:00,2026-02-15 13:00:00,32,0.9304666666666667
2026-02-14,2026-02-15 08:00:00,2026-02-15 14:00:00,33,0.9300666666666667
2026-02-14,2026-02-15 09:00:00,2026-02-15 15:00:00,34,0.9256166666666666
2026-02-14,2026-02-15 10:00:00,2026-02-15 16:00:00,35,0.9095624999999999
2026-02-14,2026-02-15 11:00:00,2026-02-15 17:00:00,36,0.9081791666666666
2026-02-14,2026-02-15 12:00:00,2026-02-15 18:00:00,37,0.9234666666666667
2026-02-14,2026-02-15 13:00:00,2026-02-15 19:00:00,38,0.9251666666666667
2026-02-14,2026-02-15 14:00:00,2026-02-15 20:00:00,39,0.9250166666666666
2026-02-14,2026-02-15 15:00:00,2026-02-15 21:00:00,40,0.9224166666666667
2026-02-14,2026-02-15 16:00:00,2026-02-15 22:00:00,41,0.8801999999999999
2026-02-14,2026-02-15 17:00:00,2026-02-15 23:00:00,42,0.8733749999999998
2026-02-14,2026-02-15 18:00:00,2026-02-16 00:00:00,43,0.8987249999999997
2026-02-14,2026-02-15 19:00:00,2026-02-16 01:00:00,44,0.9075
2026-02-14,2026-02-15 20:00:00,2026-02-16 02:00:00,45,0.9075
2026-02-14,2026-02-15 21:00:00,2026-02-16 03:00:00,46,0.9075
2026-02-14,2026-02-15 22:00:00,2026-02-16 04:00:00,47,0.90955
2026-02-14,2026-02-15 23:00:00,2026-02-16 05:00:00,48,0.90915
2026-02-15,2026-02-15 00:00:00,2026-02-15 06:00:00,1,0.19635
2026-02-15,2026-02-15 01:00:00,2026-02-15 07:00:00,2,0.3465875000000001
2026-02-15,2026-02-15 02:00:00,2026-02-15 08:00:00,3,0.5082500000000001
2026-02-15,2026-02-15 03:00:00,2026-02-15 09:00:00,4,0.6272916666666661
2026-02-15,2026-02-15 04:00:00,2026-02-15 10:00:00,5,0.8725166666666665
2026-02-15,2026-02-15 05:00:00,2026-02-15 11:00:00,6,0.9520833333333334
2026-02-15,2026-02-15 06:00:00,2026-02-15 12:00:00,7,0.9557291666666667
2026-02-15,2026-02-15 07:00:00,2026-02-15 13:00:00,8,0.9520833333333334
2026-02-15,2026-02-15 08:00:00,2026-02-15 14:00:00,9,0.9520833333333334
2026-02-15,2026-02-15 09:00:00,2026-02-15 15:00:00,10,0.9438062500000001
2026-02-15,2026-02-15 10:00:00,2026-02-15 16:00:00,11,0.9206875
2026-02-15,2026-02-15 11:00:00,2026-02-15 17:00:00,12,0.8917458333333333
2026-02-15,2026-02-15 12:00:00,2026-02-15 18:00:00,13,0.8864208333333333
2026-02-15,2026-02-15 13:00:00,2026-02-15 19:00:00,14,0.8961416666666666
2026-02-15,2026-02-15 14:00:00,2026-02-15 20:00:00,15,0.8989958333333333
2026-02-15,2026-02-15 15:00:00,2026-02-15 21:00:00,16,0.8932249999999999
2026-02-15,2026-02-15 16:00:00,2026-02-15 22:00:00,17,0.9071416666666666
2026-02-15,2026-02-15 17:00:00,2026-02-15 23:00:00,18,0.8339416666666666
2026-02-15,2026-02-15 18:00:00,2026-02-16 00:00:00,19,0.7493375
2026-02-15,2026-02-15 19:00:00,2026-02-16 01:00:00,20,0.7657124999999999
2026-02-15,2026-02-15 20:00:00,2026-02-16 02:00:00,21,0.7711708333333337
2026-02-15,2026-02-15 21:00:00,2026-02-16 03:00:00,22,0.784816666666667
2026-02-15,2026-02-15 22:00:00,2026-02-16 04:00:00,23,0.7749916666666666
2026-02-15,2026-02-15 23:00:00,2026-02-16 05:00:00,24,0.7842708333333334
2026-02-15,2026-02-16 00:00:00,2026-02-16 06:00:00,25,0.7880916666666667
2026-02-15,2026-02-16 01:00:00,2026-02-16 07:00:00,26,0.7608
2026-02-15,2026-02-16 02:00:00,2026-02-16 08:00:00,27,0.7815416666666669
2026-02-15,2026-02-16 03:00:00,2026-02-16 09:00:00,28,0.7377833333333335
2026-02-15,2026-02-16 04:00:00,2026-02-16 10:00:00,29,0.7181270833333333
2026-02-15,2026-02-16 05:00:00,2026-02-16 11:00:00,30,0.6294395833333334
2026-02-15,2026-02-16 06:00:00,2026-02-16 12:00:00,31,0.47058333333333324
2026-02-15,2026-02-16 07:00:00,2026-02-16 13:00:00,32,0.406625
2026-02-15,2026-02-16 08:00:00,2026-02-16 14:00:00,33,0.41024583333333314
2026-02-15,2026-02-16 09:00:00,2026-02-16 15:00:00,34,0.49551666666666666
2026-02-15,2026-02-16 10:00:00,2026-02-16 16:00:00,35,0.7211333333333333
2026-02-15,2026-02-16 11:00:00,2026-02-16 17:00:00,36,0.8784375
2026-02-15,2026-02-16 12:00:00,2026-02-16 18:00:00,37,0.9319916666666666
2026-02-15,2026-02-16 13:00:00,2026-02-16 19:00:00,38,0.9657416666666666
2026-02-15,2026-02-16 14:00:00,2026-02-16 20:00:00,39,0.9644291666666667
2026-02-15,2026-02-16 15:00:00,2026-02-16 21:00:00,40,0.9514916666666666
2026-02-15,2026-02-16 16:00:00,2026-02-16 22:00:00,41,0.9075
2026-02-15,2026-02-16 17:00:00,2026-02-16 23:00:00,42,0.9075
2026-02-15,2026-02-16 18:00:00,2026-02-17 00:00:00,43,0.7358999999999994
2026-02-15,2026-02-16 19:00:00,2026-02-17 01:00:00,44,0.5197666666666666
2026-02-15,2026-02-16 20:00:00,2026-02-17 02:00:00,45,0.4771583333333335
2026-02-15,2026-02-16 21:00:00,2026-02-17 03:00:00,46,0.4444333333333337
2026-02-15,2026-02-16 22:00:00,2026-02-17 04:00:00,47,0.41317500000000007
2026-02-15,2026-02-16 23:00:00,2026-02-17 05:00:00,48,0.3669250000000001
2026-02-16,2026-02-16 00:00:00,2026-02-16 06:00:00,1,0.6566875000000004
2026-02-16,2026-02-16 01:00:00,2026-02-16 07:00:00,2,0.56935
2026-02-16,2026-02-16 02:00:00,2026-02-16 08:00:00,3,0.5553208333333333
2026-02-16,2026-02-16 03:00:00,2026-02-16 09:00:00,4,0.5498229166666666
2026-02-16,2026-02-16 04:00:00,2026-02-16 10:00:00,5,0.5572166666666667
2026-02-16,2026-02-16 05:00:00,2026-02-16 11:00:00,6,0.5746583333333334
2026-02-16,2026-02-16 06:00:00,2026-02-16 12:00:00,7,0.6056770833333335
2026-02-16,2026-02-16 07:00:00,2026-02-16 13:00:00,8,0.6393958333333329
2026-02-16,2026-02-16 08:00:00,2026-02-16 14:00:00,9,0.6852187499999997
2026-02-16,2026-02-16 09:00:00,2026-02-16 15:00:00,10,0.693
2026-02-16,2026-02-16 10:00:00,2026-02-16 16:00:00,11,0.7016458333333334
2026-02-16,2026-02-16 11:00:00,2026-02-16 17:00:00,12,0.5927083333333336
2026-02-16,2026-02-16 12:00:00,2026-02-16 18:00:00,13,0.5594916666666666
2026-02-16,2026-02-16 13:00:00,2026-02-16 19:00:00,14,0.6549583333333335
2026-02-16,2026-02-16 14:00:00,2026-02-16 20:00:00,15,0.7649583333333331
2026-02-16,2026-02-16 15:00:00,2026-02-16 21:00:00,16,0.7570833333333331
2026-02-16,2026-02-16 16:00:00,2026-02-16 22:00:00,17,0.9410916666666667
2026-02-16,2026-02-16 17:00:00,2026-02-16 23:00:00,18,0.9277666666666666
2026-02-16,2026-02-16 18:00:00,2026-02-17 00:00:00,19,0.9250666666666666
2026-02-16,2026-02-16 19:00:00,2026-02-17 01:00:00,20,0.9268666666666666
2026-02-16,2026-02-16 20:00:00,2026-02-17 02:00:00,21,0.9116375
2026-02-16,2026-02-16 21:00:00,2026-02-17 03:00:00,22,0.8677166666666666
2026-02-16,2026-02-16 22:00:00,2026-02-17 04:00:00,23,0.7908208333333336
2026-02-16,2026-02-16 23:00:00,2026-02-17 05:00:00,24,0.5031666666666668
2026-02-16,2026-02-17 00:00:00,2026-02-17 06:00:00,25,0.34816666666666657
2026-02-16,2026-02-17 01:00:00,2026-02-17 07:00:00,26,0.2753541666666667
2026-02-16,2026-02-17 02:00:00,2026-02-17 08:00:00,27,0.22744791666666667
2026-02-16,2026-02-17 03:00:00,2026-02-17 09:00:00,28,0.18872916666666667
2026-02-16,2026-02-17 04:00:00,2026-02-17 10:00:00,29,0.1836666666666667
2026-02-16,2026-02-17 05:00:00,2026-02-17 11:00:00,30,0.20391666666666663
2026-02-16,2026-02-17 06:00:00,2026-02-17 12:00:00,31,0.20785416666666667
2026-02-16,2026-02-17 07:00:00,2026-02-17 13:00:00,32,0.2084166666666667
2026-02-16,2026-02-17 08:00:00,2026-02-17 14:00:00,33,0.21331041666666672
2026-02-16,2026-02-17 09:00:00,2026-02-17 15:00:00,34,0.23086041666666668
2026-02-16,2026-02-17 10:00:00,2026-02-17 16:00:00,35,0.2693479166666667
2026-02-16,2026-02-17 11:00:00,2026-02-17 17:00:00,36,0.37281666666666646
2026-02-16,2026-02-17 12:00:00,2026-02-17 18:00:00,37,0.4754
2026-02-16,2026-02-17 13:00:00,2026-02-17 19:00:00,38,0.6388583333333333
2026-02-16,2026-02-17 14:00:00,2026-02-17 20:00:00,39,0.7782666666666668
2026-02-16,2026-02-17 15:00:00,2026-02-17 21:00:00,40,0.9029916666666666
2026-02-16,2026-02-17 16:00:00,2026-02-17 22:00:00,41,0.5022333333333333
2026-02-16,2026-02-17 17:00:00,2026-02-17 23:00:00,42,0.44655833333333356
2026-02-16,2026-02-17 18:00:00,2026-02-18 00:00:00,43,0.41285000000000005
2026-02-16,2026-02-17 19:00:00,2026-02-18 01:00:00,44,0.49670833333333325
2026-02-16,2026-02-17 20:00:00,2026-02-18 02:00:00,45,0.7124999999999999
2026-02-16,2026-02-17 21:00:00,2026-02-18 03:00:00,46,0.8889750000000002
2026-02-16,2026-02-17 22:00:00,2026-02-18 04:00:00,47,0.9096
2026-02-16,2026-02-17 23:00:00,2026-02-18 05:00:00,48,0.9075
2026-02-17,2026-02-17 00:00:00,2026-02-17 06:00:00,1,0.31955
2026-02-17,2026-02-17 01:00:00,2026-02-17 07:00:00,2,0.2946
2026-02-17,2026-02-17 02:00:00,2026-02-17 08:00:00,3,0.2733333333333333
2026-02-17,2026-02-17 03:00:00,2026-02-17 09:00:00,4,0.26414999999999994
2026-02-17,2026-02-17 04:00:00,2026-02-17 10:00:00,5,0.24940833333333326
2026-02-17,2026-02-17 05:00:00,2026-02-17 11:00:00,6,0.21891041666666666
2026-02-17,2026-02-17 06:00:00,2026-02-17 12:00:00,7,0.19805
2026-02-17,2026-02-17 07:00:00,2026-02-17 13:00:00,8,0.20304999999999998
2026-02-17,2026-02-17 08:00:00,2026-02-17 14:00:00,9,0.25134166666666663
2026-02-17,2026-02-17 09:00:00,2026-02-17 15:00:00,10,0.31771249999999995
2026-02-17,2026-02-17 10:00:00,2026-02-17 16:00:00,11,0.3923874999999998
2026-02-17,2026-02-17 11:00:00,2026-02-17 17:00:00,12,0.5227124999999999
2026-02-17,2026-02-17 12:00:00,2026-02-17 18:00:00,13,0.6540937499999997
2026-02-17,2026-02-17 13:00:00,2026-02-17 19:00:00,14,0.8855333333333333
2026-02-17,2026-02-17 14:00:00,2026-02-17 20:00:00,15,0.9520833333333334
2026-02-17,2026-02-17 15:00:00,2026-02-17 21:00:00,16,0.9640416666666667
2026-02-17,2026-02-17 16:00:00,2026-02-17 22:00:00,17,0.9288166666666666
2026-02-17,2026-02-17 17:00:00,2026-02-17 23:00:00,18,0.9399541666666668
2026-02-17,2026-02-17 18:00:00,2026-02-18 00:00:00,19,0.9446666666666665
2026-02-17,2026-02-17 19:00:00,2026-02-18 01:00:00,20,0.9441791666666667
2026-02-17,2026-02-17 20:00:00,2026-02-18 02:00:00,21,0.9474291666666667
2026-02-17,2026-02-17 21:00:00,2026-02-18 03:00:00,22,0.9397916666666666
2026-02-17,2026-02-17 22:00:00,2026-02-18 04:00:00,23,0.9337791666666667
2026-02-17,2026-02-17 23:00:00,2026-02-18 05:00:00,24,0.9368666666666666
2026-02-17,2026-02-18 00:00:00,2026-02-18 06:00:00,25,0.9312666666666667
2026-02-17,2026-02-18 01:00:00,2026-02-18 07:00:00,26,0.9376791666666666
2026-02-17,2026-02-18 02:00:00,2026-02-18 08:00:00,27,0.9350791666666667
2026-02-17,2026-02-18 03:00:00,2026-02-18 09:00:00,28,0.9289166666666666
2026-02-17,2026-02-18 04:00:00,2026-02-18 10:00:00,29,0.9384916666666666
2026-02-17,2026-02-18 05:00:00,2026-02-18 11:00:00,30,0.9524666666666667
2026-02-17,2026-02-18 06:00:00,2026-02-18 12:00:00,31,0.9521416666666667
2026-02-17,2026-02-18 07:00:00,2026-02-18 13:00:00,32,0.9584791666666667
2026-02-17,2026-02-18 08:00:00,2026-02-18 14:00:00,33,0.9649979166666666
2026-02-17,2026-02-18 09:00:00,2026-02-18 15:00:00,34,0.9617291666666666
2026-02-17,2026-02-18 10:00:00,2026-02-18 16:00:00,35,0.9487291666666666
2026-02-17,2026-02-18 11:00:00,2026-02-18 17:00:00,36,0.9404416666666666
2026-02-17,2026-02-18 12:00:00,2026-02-18 18:00:00,37,0.9233666666666667
2026-02-17,2026-02-18 13:00:00,2026-02-18 19:00:00,38,0.8618374999999999
2026-02-17,2026-02-18 14:00:00,2026-02-18 20:00:00,39,0.8443125000000001
2026-02-17,2026-02-18 15:00:00,2026-02-18 21:00:00,40,0.8192041666666667
2026-02-17,2026-02-18 16:00:00,2026-02-18 22:00:00,41,0.43593333333333323
2026-02-17,2026-02-18 17:00:00,2026-02-18 23:00:00,42,0.4256333333333333
2026-02-17,2026-02-18 18:00:00,2026-02-19 00:00:00,43,0.4214083333333333
2026-02-17,2026-02-18 19:00:00,2026-02-19 01:00:00,44,0.4282333333333334
2026-02-17,2026-02-18 20:00:00,2026-02-19 02:00:00,45,0.4665333333333335
2026-02-17,2026-02-18 21:00:00,2026-02-19 03:00:00,46,0.4720583333333333
2026-02-17,2026-02-18 22:00:00,2026-02-19 04:00:00,47,0.44868333333333343
2026-02-17,2026-02-18 23:00:00,2026-02-19 05:00:00,48,0.4950083333333336
2026-02-18,2026-02-18 00:00:00,2026-02-18 06:00:00,1,0.9520833333333334
2026-02-18,2026-02-18 01:00:00,2026-02-18 07:00:00,2,0.9520833333333334
2026-02-18,2026-02-18 02:00:00,2026-02-18 08:00:00,3,0.9550729166666667
2026-02-18,2026-02-18 03:00:00,2026-02-18 09:00:00,4,0.9624375000000001
2026-02-18,2026-02-18 04:00:00,2026-02-18 10:00:00,5,0.9688208333333334
2026-02-18,2026-02-18 05:00:00,2026-02-18 11:00:00,6,0.9724416666666666
2026-02-18,2026-02-18 06:00:00,2026-02-18 12:00:00,7,0.9733125
2026-02-18,2026-02-18 07:00:00,2026-02-18 13:00:00,8,0.9756041666666667
2026-02-18,2026-02-18 08:00:00,2026-02-18 14:00:00,9,0.975375
2026-02-18,2026-02-18 09:00:00,2026-02-18 15:00:00,10,0.9703791666666667
2026-02-18,2026-02-18 10:00:00,2026-02-18 16:00:00,11,0.9655729166666667
2026-02-18,2026-02-18 11:00:00,2026-02-18 17:00:00,12,0.9533229166666667
2026-02-18,2026-02-18 12:00:00,2026-02-18 18:00:00,13,0.9175479166666667
2026-02-18,2026-02-18 13:00:00,2026-02-18 19:00:00,14,0.8645291666666667
2026-02-18,2026-02-18 14:00:00,2026-02-18 20:00:00,15,0.8648250000000001
2026-02-18,2026-02-18 15:00:00,2026-02-18 21:00:00,16,0.8565416666666668
2026-02-18,2026-02-18 16:00:00,2026-02-18 22:00:00,17,0.8082874999999999
2026-02-18,2026-02-18 17:00:00,2026-02-18 23:00:00,18,0.8071958333333334
2026-02-18,2026-02-18 18:00:00,2026-02-19 00:00:00,19,0.8486791666666667
2026-02-18,2026-02-18 19:00:00,2026-02-19 01:00:00,20,0.8818958333333331
2026-02-18,2026-02-18 20:00:00,2026-02-19 02:00:00,21,0.8822416666666667
2026-02-18,2026-02-18 21:00:00,2026-02-19 03:00:00,22,0.8967666666666667
2026-02-18,2026-02-18 22:00:00,2026-02-19 04:00:00,23,0.8898499999999999
2026-02-18,2026-02-18 23:00:00,2026-02-19 05:00:00,24,0.8946916666666667
2026-02-18,2026-02-19 00:00:00,2026-02-19 06:00:00,25,0.8891583333333334
2026-02-18,2026-02-19 01:00:00,2026-02-19 07:00:00,26,0.8224791666666669
2026-02-18,2026-02-19 02:00:00,2026-02-19 08:00:00,27,0.7515208333333333
2026-02-18,2026-02-19 03:00:00,2026-02-19 09:00:00,28,0.7292270833333334
2026-02-18,2026-02-19 04:00:00,2026-02-19 10:00:00,29,0.7104958333333333
2026-02-18,2026-02-19 05:00:00,2026-02-19 11:00:00,30,0.6080333333333334
2026-02-18,2026-02-19 06:00:00,2026-02-19 12:00:00,31,0.4799333333333332
2026-02-18,2026-02-19 07:00:00,2026-02-19 13:00:00,32,0.39947916666666666
2026-02-18,2026-02-19 08:00:00,2026-02-19 14:00:00,33,0.2991166666666667
2026-02-18,2026-02-19 09:00:00,2026-02-19 15:00:00,34,0.25426041666666666
2026-02-18,2026-02-19 10:00:00,2026-02-19 16:00:00,35,0.22257291666666668
2026-02-18,2026-02-19 11:00:00,2026-02-19 17:00:00,36,0.2386604166666667
2026-02-18,2026-02-19 12:00:00,2026-02-19 18:00:00,37,0.2738041666666667
2026-02-18,2026-02-19 13:00:00,2026-02-19 19:00:00,38,0.28019791666666666
2026-02-18,2026-02-19 14:00:00,2026-02-19 20:00:00,39,0.2425604166666667
2026-02-18,2026-02-19 15:00:00,2026-02-19 21:00:00,40,0.12752083333333325
2026-02-18,2026-02-19 16:00:00,2026-02-19 22:00:00,41,0.07114999999999999
2026-02-18,2026-02-19 17:00:00,2026-02-19 23:00:00,42,0.12407500000000003
2026-02-18,2026-02-19 18:00:00,2026-02-20 00:00:00,43,0.19797083333333332
2026-02-18,2026-02-19 19:00:00,2026-02-20 01:00:00,44,0.192825
2026-02-18,2026-02-19 20:00:00,2026-02-20 02:00:00,45,0.1038
2026-02-18,2026-02-19 21:00:00,2026-02-20 03:00:00,46,0.06688333333333338
2026-02-18,2026-02-19 22:00:00,2026-02-20 04:00:00,47,0.08947708333333335
2026-02-18,2026-02-19 23:00:00,2026-02-20 05:00:00,48,0.20788958333333332
2026-02-19,2026-02-19 00:00:00,2026-02-19 06:00:00,1,0.557975
2026-02-19,2026-02-19 01:00:00,2026-02-19 07:00:00,2,0.5621458333333335
2026-02-19,2026-02-19 02:00:00,2026-02-19 08:00:00,3,0.5566479166666666
2026-02-19,2026-02-19 03:00:00,2026-02-19 09:00:00,4,0.5324625
2026-02-19,2026-02-19 04:00:00,2026-02-19 10:00:00,5,0.5219
2026-02-19,2026-02-19 05:00:00,2026-02-19 11:00:00,6,0.510525
2026-02-19,2026-02-19 06:00:00,2026-02-19 12:00:00,7,0.4191187499999997
2026-02-19,2026-02-19 07:00:00,2026-02-19 13:00:00,8,0.3326749999999999
2026-02-19,2026-02-19 08:00:00,2026-02-19 14:00:00,9,0.27502499999999996
2026-02-19,2026-02-19 09:00:00,2026-02-19 15:00:00,10,0.23264374999999998
2026-02-19,2026-02-19 10:00:00,2026-02-19 16:00:00,11,0.2079666666666666
2026-02-19,2026-02-19 11:00:00,2026-02-19 17:00:00,12,0.20395
2026-02-19,2026-02-19 12:00:00,2026-02-19 18:00:00,13,0.19615000000000002
2026-02-19,2026-02-19 13:00:00,2026-02-19 19:00:00,14,0.14742916666666664
2026-02-19,2026-02-19 14:00:00,2026-02-19 20:00:00,15,0.06298333333333332
2026-02-19,2026-02-19 15:00:00,2026-02-19 21:00:00,16,0.049483333333333324
2026-02-19,2026-02-19 16:00:00,2026-02-19 22:00:00,17,0.06097916666666668
2026-02-19,2026-02-19 17:00:00,2026-02-19 23:00:00,18,0.06393333333333334
2026-02-19,2026-02-19 18:00:00,2026-02-20 00:00:00,19,0.07477083333333334
2026-02-19,2026-02-19 19:00:00,2026-02-20 01:00:00,20,0.06400416666666667
2026-02-19,2026-02-19 20:00:00,2026-02-20 02:00:00,21,0.05704166666666667
2026-02-19,2026-02-19 21:00:00,2026-02-20 03:00:00,22,0.05077916666666667
2026-02-19,2026-02-19 22:00:00,2026-02-20 04:00:00,23,0.05904166666666667
2026-02-19,2026-02-19 23:00:00,2026-02-20 05:00:00,24,0.10479166666666667
2026-02-19,2026-02-20 00:00:00,2026-02-20 06:00:00,25,0.18535416666666668
2026-02-19,2026-02-20 01:00:00,2026-02-20 07:00:00,26,0.20965416666666667
2026-02-19,2026-02-20 02:00:00,2026-02-20 08:00:00,27,0.19041666666666668
2026-02-19,2026-02-20 03:00:00,2026-02-20 09:00:00,28,0.11291666666666669
2026-02-19,2026-02-20 04:00:00,2026-02-20 10:00:00,29,0.06032291666666668
2026-02-19,2026-02-20 05:00:00,2026-02-20 11:00:00,30,0.06085416666666668
2026-02-19,2026-02-20 06:00:00,2026-02-20 12:00:00,31,0.06223333333333333
2026-02-19,2026-02-20 07:00:00,2026-02-20 13:00:00,32,0.037308333333333325
2026-02-19,2026-02-20 08:00:00,2026-02-20 14:00:00,33,0.021645833333333336
2026-02-19,2026-02-20 09:00:00,2026-02-20 15:00:00,34,0.020833333333333336
2026-02-19,2026-02-20 10:00:00,2026-02-20 16:00:00,35,0.021758333333333334
2026-02-19,2026-02-20 11:00:00,2026-02-20 17:00:00,36,0.027533333333333333
2026-02-19,2026-02-20 12:00:00,2026-02-20 18:00:00,37,0.11993749999999999
2026-02-19,2026-02-20 13:00:00,2026-02-20 19:00:00,38,0.4940999999999999
2026-02-19,2026-02-20 14:00:00,2026-02-20 20:00:00,39,0.9268666666666666
2026-02-19,2026-02-20 15:00:00,2026-02-20 21:00:00,40,0.9718229166666666
2026-02-19,2026-02-20 16:00:00,2026-02-20 22:00:00,41,0.9075
2026-02-19,2026-02-20 17:00:00,2026-02-20 23:00:00,42,0.7466250000000001
2026-02-19,2026-02-20 18:00:00,2026-02-21 00:00:00,43,0.7124999999999999
2026-02-19,2026-02-20 19:00:00,2026-02-21 01:00:00,44,0.5064833333333334
2026-02-19,2026-02-20 20:00:00,2026-02-21 02:00:00,45,0.42465833333333336
2026-02-19,2026-02-20 21:00:00,2026-02-21 03:00:00,46,0.410575
2026-02-19,2026-02-20 22:00:00,2026-02-21 04:00:00,47,0.4091666666666667
2026-02-19,2026-02-20 23:00:00,2026-02-21 05:00:00,48,0.4107916666666667
2026-02-20,2026-02-20 00:00:00,2026-02-20 06:00:00,1,0.32716249999999986
2026-02-20,2026-02-20 01:00:00,2026-02-20 07:00:00,2,0.3627875000000001
2026-02-20,2026-02-20 02:00:00,2026-02-20 08:00:00,3,0.37206875
2026-02-20,2026-02-20 03:00:00,2026-02-20 09:00:00,4,0.34790000000000004
2026-02-20,2026-02-20 04:00:00,2026-02-20 10:00:00,5,0.2868666666666666
2026-02-20,2026-02-20 05:00:00,2026-02-20 11:00:00,6,0.27043333333333336
2026-02-20,2026-02-20 06:00:00,2026-02-20 12:00:00,7,0.2503749999999999
2026-02-20,2026-02-20 07:00:00,2026-02-20 13:00:00,8,0.19725
2026-02-20,2026-02-20 08:00:00,2026-02-20 14:00:00,9,0.1281791666666666
2026-02-20,2026-02-20 09:00:00,2026-02-20 15:00:00,10,0.10720833333333338
2026-02-20,2026-02-20 10:00:00,2026-02-20 16:00:00,11,0.0625
2026-02-20,2026-02-20 11:00:00,2026-02-20 17:00:00,12,0.03942499999999999
2026-02-20,2026-02-20 12:00:00,2026-02-20 18:00:00,13,0.01845
2026-02-20,2026-02-20 13:00:00,2026-02-20 19:00:00,14,0.0625
2026-02-20,2026-02-20 14:00:00,2026-02-20 20:00:00,15,0.37000625
2026-02-20,2026-02-20 15:00:00,2026-02-20 21:00:00,16,0.7728333333333334
2026-02-20,2026-02-20 16:00:00,2026-02-20 22:00:00,17,0.97343125
2026-02-20,2026-02-20 17:00:00,2026-02-20 23:00:00,18,0.9555541666666666
2026-02-20,2026-02-20 18:00:00,2026-02-21 00:00:00,19,0.9257166666666666
2026-02-20,2026-02-20 19:00:00,2026-02-21 01:00:00,20,0.9109458333333332
2026-02-20,2026-02-20 20:00:00,2026-02-21 02:00:00,21,0.8531916666666666
2026-02-20,2026-02-20 21:00:00,2026-02-21 03:00:00,22,0.7336208333333334
2026-02-20,2026-02-20 22:00:00,2026-02-21 04:00:00,23,0.6499895833333336
2026-02-20,2026-02-20 23:00:00,2026-02-21 05:00:00,24,0.5617958333333335
2026-02-20,2026-02-21 00:00:00,2026-02-21 06:00:00,25,0.5540895833333332
2026-02-20,2026-02-21 01:00:00,2026-02-21 07:00:00,26,0.6148833333333332
2026-02-20,2026-02-21 02:00:00,2026-02-21 08:00:00,27,0.5652208333333334
2026-02-20,2026-02-21 03:00:00,2026-02-21 09:00:00,28,0.3728166666666668
2026-02-20,2026-02-21 04:00:00,2026-02-21 10:00:00,29,0.12887500000000005
2026-02-20,2026-02-21 05:00:00,2026-02-21 11:00:00,30,0.12047916666666665
2026-02-20,2026-02-21 06:00:00,2026-02-21 12:00:00,31,0.2894979166666667
2026-02-20,2026-02-21 07:00:00,2026-02-21 13:00:00,32,0.5386770833333332
2026-02-20,2026-02-21 08:00:00,2026-02-21 14:00:00,33,0.9272166666666667
2026-02-20,2026-02-21 09:00:00,2026-02-21 15:00:00,34,0.8697916666666667
2026-02-20,2026-02-21 10:00:00,2026-02-21 16:00:00,35,0.6414270833333329
2026-02-20,2026-02-21 11:00:00,2026-02-21 17:00:00,36,0.4606083333333332
2026-02-20,2026-02-21 12:00:00,2026-02-21 18:00:00,37,0.3994166666666667
2026-02-20,2026-02-21 13:00:00,2026-02-21 19:00:00,38,0.30410416666666673
2026-02-20,2026-02-21 14:00:00,2026-02-21 20:00:00,39,0.2980666666666667
2026-02-20,2026-02-21 15:00:00,2026-02-21 21:00:00,40,0.3049791666666667
2026-02-20,2026-02-21 16:00:00,2026-02-21 22:00:00,41,0.6161333333333336
2026-02-20,2026-02-21 17:00:00,2026-02-21 23:00:00,42,0.4091666666666667
2026-02-20,2026-02-21 18:00:00,2026-02-22 00:00:00,43,0.32239375
2026-02-20,2026-02-21 19:00:00,2026-02-22 01:00:00,44,0.2676270833333333
2026-02-20,2026-02-21 20:00:00,2026-02-22 02:00:00,45,0.18315000000000003
2026-02-20,2026-02-21 21:00:00,2026-02-22 03:00:00,46,0.10460000000000001
2026-02-20,2026-02-21 22:00:00,2026-02-22 04:00:00,47,0.08746458333333333
2026-02-20,2026-02-21 23:00:00,2026-02-22 05:00:00,48,0.07740208333333334
2026-02-21,2026-02-21 00:00:00,2026-02-21 06:00:00,1,0.8183333333333334
2026-02-21,2026-02-21 01:00:00,2026-02-21 07:00:00,2,0.8373124999999999
2026-02-21,2026-02-21 02:00:00,2026-02-21 08:00:00,3,0.7059687499999998
2026-02-21,2026-02-21 03:00:00,2026-02-21 09:00:00,4,0.37475
2026-02-21,2026-02-21 04:00:00,2026-02-21 10:00:00,5,0.20364999999999997
2026-02-21,2026-02-21 05:00:00,2026-02-21 11:00:00,6,0.1252916666666666
2026-02-21,2026-02-21 06:00:00,2026-02-21 12:00:00,7,0.6065416666666666
2026-02-21,2026-02-21 07:00:00,2026-02-21 13:00:00,8,0.9758333333333333
2026-02-21,2026-02-21 08:00:00,2026-02-21 14:00:00,9,0.9730833333333333
2026-02-21,2026-02-21 09:00:00,2026-02-21 15:00:00,10,0.9683166666666667
2026-02-21,2026-02-21 10:00:00,2026-02-21 16:00:00,11,0.9029916666666667
2026-02-21,2026-02-21 11:00:00,2026-02-21 17:00:00,12,0.5701083333333333
2026-02-21,2026-02-21 12:00:00,2026-02-21 18:00:00,13,0.4583625
2026-02-21,2026-02-21 13:00:00,2026-02-21 19:00:00,14,0.3852687499999998
2026-02-21,2026-02-21 14:00:00,2026-02-21 20:00:00,15,0.3040625
2026-02-21,2026-02-21 15:00:00,2026-02-21 21:00:00,16,0.2079666666666666
2026-02-21,2026-02-21 16:00:00,2026-02-21 22:00:00,17,0.3026166666666667
2026-02-21,2026-02-21 17:00:00,2026-02-21 23:00:00,18,0.3076041666666667
2026-02-21,2026-02-21 18:00:00,2026-02-22 00:00:00,19,0.3138166666666667
2026-02-21,2026-02-21 19:00:00,2026-02-22 01:00:00,20,0.3036666666666667
2026-02-21,2026-02-21 20:00:00,2026-02-22 02:00:00,21,0.24597291666666662
2026-02-21,2026-02-21 21:00:00,2026-02-22 03:00:00,22,0.12183333333333334
2026-02-21,2026-02-21 22:00:00,2026-02-22 04:00:00,23,0.04073124999999998
2026-02-21,2026-02-21 23:00:00,2026-02-22 05:00:00,24,0.020833333333333336
2026-02-21,2026-02-22 00:00:00,2026-02-22 06:00:00,25,0.020833333333333336
2026-02-21,2026-02-22 01:00:00,2026-02-22 07:00:00,26,0.020833333333333336
2026-02-21,2026-02-22 02:00:00,2026-02-22 08:00:00,27,0.020833333333333336
2026-02-21,2026-02-22 03:00:00,2026-02-22 09:00:00,28,0.04316041666666667
2026-02-21,2026-02-22 04:00:00,2026-02-22 10:00:00,29,0.17279166666666673
2026-02-21,2026-02-22 05:00:00,2026-02-22 11:00:00,30,0.3864166666666668
2026-02-21,2026-02-22 06:00:00,2026-02-22 12:00:00,31,0.5558020833333329
2026-02-21,2026-02-22 07:00:00,2026-02-22 13:00:00,32,0.6945145833333332
2026-02-21,2026-02-22 08:00:00,2026-02-22 14:00:00,33,0.7280708333333334
2026-02-21,2026-02-22 09:00:00,2026-02-22 15:00:00,34,0.7913666666666664
2026-02-21,2026-02-22 10:00:00,2026-02-22 16:00:00,35,0.8279374999999999
2026-02-21,2026-02-22 11:00:00,2026-02-22 17:00:00,36,0.8366708333333335
2026-02-21,2026-02-22 12:00:00,2026-02-22 18:00:00,37,0.7777208333333332
2026-02-21,2026-02-22 13:00:00,2026-02-22 19:00:00,38,0.6371458333333336
2026-02-21,2026-02-22 14:00:00,2026-02-22 20:00:00,39,0.46291250000000006
2026-02-21,2026-02-22 15:00:00,2026-02-22 21:00:00,40,0.402125
2026-02-21,2026-02-22 16:00:00,2026-02-22 22:00:00,41,0.42888333333333334
2026-02-21,2026-02-22 17:00:00,2026-02-22 23:00:00,42,0.4091666666666667
2026-02-21,2026-02-22 18:00:00,2026-02-23 00:00:00,43,0.34235000000000015
2026-02-21,2026-02-22 19:00:00,2026-02-23 01:00:00,44,0.3288312499999999
2026-02-21,2026-02-22 20:00:00,2026-02-23 02:00:00,45,0.3047979166666668
2026-02-21,2026-02-22 21:00:00,2026-02-23 03:00:00,46,0.2691458333333332
2026-02-21,2026-02-22 22:00:00,2026-02-23 04:00:00,47,0.11812500000000001
2026-02-21,2026-02-22 23:00:00,2026-02-23 05:00:00,48,0.05675000000000002
2026-02-22,2026-02-22 00:00:00,2026-02-22 06:00:00,1,0.019458333333333334
2026-02-22,2026-02-22 01:00:00,2026-02-22 07:00:00,2,0.13202916666666675
2026-02-22,2026-02-22 02:00:00,2026-02-22 08:00:00,3,0.45039999999999997
2026-02-22,2026-02-22 03:00:00,2026-02-22 09:00:00,4,0.7597083333333332
2026-02-22,2026-02-22 04:00:00,2026-02-22 10:00:00,5,0.9129812499999999
2026-02-22,2026-02-22 05:00:00,2026-02-22 11:00:00,6,0.9520833333333334
2026-02-22,2026-02-22 06:00:00,2026-02-22 12:00:00,7,0.9458041666666668
2026-02-22,2026-02-22 07:00:00,2026-02-22 13:00:00,8,0.9281083333333333
2026-02-22,2026-02-22 08:00:00,2026-02-22 14:00:00,9,0.8981395833333333
2026-02-22,2026-02-22 09:00:00,2026-02-22 15:00:00,10,0.8778416666666667
2026-02-22,2026-02-22 10:00:00,2026-02-22 16:00:00,11,0.8867166666666666
2026-02-22,2026-02-22 11:00:00,2026-02-22 17:00:00,12,0.8893791666666667
2026-02-22,2026-02-22 12:00:00,2026-02-22 18:00:00,13,0.8526958333333333
2026-02-22,2026-02-22 13:00:00,2026-02-22 19:00:00,14,0.7180729166666672
2026-02-22,2026-02-22 14:00:00,2026-02-22 20:00:00,15,0.5243374999999999
2026-02-22,2026-02-22 15:00:00,2026-02-22 21:00:00,16,0.3759874999999999
2026-02-22,2026-02-22 16:00:00,2026-02-22 22:00:00,17,0.39925
2026-02-22,2026-02-22 17:00:00,2026-02-22 23:00:00,18,0.34476666666666667
2026-02-22,2026-02-22 18:00:00,2026-02-23 00:00:00,19,0.3035791666666667
2026-02-22,2026-02-22 19:00:00,2026-02-23 01:00:00,20,0.2782604166666667
2026-02-22,2026-02-22 20:00:00,2026-02-23 02:00:00,21,0.23207916666666661
2026-02-22,2026-02-22 21:00:00,2026-02-23 03:00:00,22,0.1559583333333334
2026-02-22,2026-02-22 22:00:00,2026-02-23 04:00:00,23,0.0672625
2026-02-22,2026-02-22 23:00:00,2026-02-23 05:00:00,24,0.027133333333333332
2026-02-22,2026-02-23 00:00:00,2026-02-23 06:00:00,25,0.019383333333333336
2026-02-22,2026-02-23 01:00:00,2026-02-23 07:00:00,26,0.014683333333333333
2026-02-22,2026-02-23 02:00:00,2026-02-23 08:00:00,27,0.015858333333333335
2026-02-22,2026-02-23 03:00:00,2026-02-23 09:00:00,28,0.020833333333333336
2026-02-22,2026-02-23 04:00:00,2026-02-23 10:00:00,29,0.027033333333333336
2026-02-22,2026-02-23 05:00:00,2026-02-23 11:00:00,30,0.06761666666666667
2026-02-22,2026-02-23 06:00:00,2026-02-23 12:00:00,31,0.2272041666666667
2026-02-22,2026-02-23 07:00:00,2026-02-23 13:00:00,32,0.40147916666666666
2026-02-22,2026-02-23 08:00:00,2026-02-23 14:00:00,33,0.49750000000000005
2026-02-22,2026-02-23 09:00:00,2026-02-23 15:00:00,34,0.5153500000000001
2026-02-22,2026-02-23 10:00:00,2026-02-23 16:00:00,35,0.5213000000000001
2026-02-22,2026-02-23 11:00:00,2026-02-23 17:00:00,36,0.5403895833333335
2026-02-22,2026-02-23 12:00:00,2026-02-23 18:00:00,37,0.49721666666666675
2026-02-22,2026-02-23 13:00:00,2026-02-23 19:00:00,38,0.4388833333333333
2026-02-22,2026-02-23 14:00:00,2026-02-23 20:00:00,39,0.47115
2026-02-22,2026-02-23 15:00:00,2026-02-23 21:00:00,40,0.5150666666666668
2026-02-22,2026-02-23 16:00:00,2026-02-23 22:00:00,41,0.4822583333333334
2026-02-22,2026-02-23 17:00:00,2026-02-23 23:00:00,42,0.5217333333333336
2026-02-22,2026-02-23 18:00:00,2026-02-24 00:00:00,43,0.65645
2026-02-22,2026-02-23 19:00:00,2026-02-24 01:00:00,44,0.7124999999999999
2026-02-22,2026-02-23 20:00:00,2026-02-24 02:00:00,45,0.7124999999999999
2026-02-22,2026-02-23 21:00:00,2026-02-24 03:00:00,46,0.7739250000000002
2026-02-22,2026-02-23 22:00:00,2026-02-24 04:00:00,47,0.7163999999999998
2026-02-22,2026-02-23 23:00:00,2026-02-24 05:00:00,48,0.7124999999999999
2026-02-23,2026-02-23 00:00:00,2026-02-23 06:00:00,1,0.03285208333333333
2026-02-23,2026-02-23 01:00:00,2026-02-23 07:00:00,2,0.016149999999999998
2026-02-23,2026-02-23 02:00:00,2026-02-23 08:00:00,3,0.010833333333333334
2026-02-23,2026-02-23 03:00:00,2026-02-23 09:00:00,4,0.012645833333333332
2026-02-23,2026-02-23 04:00:00,2026-02-23 10:00:00,5,0.017750000000000002
2026-02-23,2026-02-23 05:00:00,2026-02-23 11:00:00,6,0.034987500000000005
2026-02-23,2026-02-23 06:00:00,2026-02-23 12:00:00,7,0.09850833333333339
2026-02-23,2026-02-23 07:00:00,2026-02-23 13:00:00,8,0.23478958333333327
2026-02-23,2026-02-23 08:00:00,2026-02-23 14:00:00,9,0.39807500000000023
2026-02-23,2026-02-23 09:00:00,2026-02-23 15:00:00,10,0.45153750000000015
2026-02-23,2026-02-23 10:00:00,2026-02-23 16:00:00,11,0.4737187500000002
2026-02-23,2026-02-23 11:00:00,2026-02-23 17:00:00,12,0.5511499999999999
2026-02-23,2026-02-23 12:00:00,2026-02-23 18:00:00,13,0.6246979166666667
2026-02-23,2026-02-23 13:00:00,2026-02-23 19:00:00,14,0.56935
2026-02-23,2026-02-23 14:00:00,2026-02-23 20:00:00,15,0.5452729166666666
2026-02-23,2026-02-23 15:00:00,2026-02-23 21:00:00,16,0.524825
2026-02-23,2026-02-23 16:00:00,2026-02-23 22:00:00,17,0.6765333333333331
2026-02-23,2026-02-23 17:00:00,2026-02-23 23:00:00,18,0.7990083333333335
2026-02-23,2026-02-23 18:00:00,2026-02-24 00:00:00,19,0.8697916666666667
2026-02-23,2026-02-23 19:00:00,2026-02-24 01:00:00,20,0.8366708333333335
2026-02-23,2026-02-23 20:00:00,2026-02-24 02:00:00,21,0.7407895833333334
2026-02-23,2026-02-23 21:00:00,2026-02-24 03:00:00,22,0.7296895833333333
2026-02-23,2026-02-23 22:00:00,2026-02-24 04:00:00,23,0.7354708333333333
2026-02-23,2026-02-23 23:00:00,2026-02-24 05:00:00,24,0.7287645833333333
2026-02-23,2026-02-24 00:00:00,2026-02-24 06:00:00,25,0.7012458333333332
2026-02-23,2026-02-24 01:00:00,2026-02-24 07:00:00,26,0.5455270833333337
2026-02-23,2026-02-24 02:00:00,2026-02-24 08:00:00,27,0.4668625
2026-02-23,2026-02-24 03:00:00,2026-02-24 09:00:00,28,0.41485416666666647
2026-02-23,2026-02-24 04:00:00,2026-02-24 10:00:00,29,0.40075
2026-02-23,2026-02-24 05:00:00,2026-02-24 11:00:00,30,0.35836666666666667
2026-02-23,2026-02-24 06:00:00,2026-02-24 12:00:00,31,0.3084791666666667
2026-02-23,2026-02-24 07:00:00,2026-02-24 13:00:00,32,0.2925979166666667
2026-02-23,2026-02-24 08:00:00,2026-02-24 14:00:00,33,0.2875604166666667
2026-02-23,2026-02-24 09:00:00,2026-02-24 15:00:00,34,0.2867854166666667
2026-02-23,2026-02-24 10:00:00,2026-02-24 16:00:00,35,0.2770979166666667
2026-02-23,2026-02-24 11:00:00,2026-02-24 17:00:00,36,0.2953104166666667
2026-02-23,2026-02-24 12:00:00,2026-02-24 18:00:00,37,0.2981541666666667
2026-02-23,2026-02-24 13:00:00,2026-02-24 19:00:00,38,0.2376854166666667
2026-02-23,2026-02-24 14:00:00,2026-02-24 20:00:00,39,0.15677083333333325
2026-02-23,2026-02-24 15:00:00,2026-02-24 21:00:00,40,0.08354166666666661
2026-02-23,2026-02-24 16:00:00,2026-02-24 22:00:00,41,0.026416666666666665
2026-02-23,2026-02-24 17:00:00,2026-02-24 23:00:00,42,0.024489583333333332
2026-02-23,2026-02-24 18:00:00,2026-02-25 00:00:00,43,0.025841666666666666
2026-02-23,2026-02-24 19:00:00,2026-02-25 01:00:00,44,0.037839583333333336
2026-02-23,2026-02-24 20:00:00,2026-02-25 02:00:00,45,0.06608333333333334
2026-02-23,2026-02-24 21:00:00,2026-02-25 03:00:00,46,0.09450833333333336
2026-02-23,2026-02-24 22:00:00,2026-02-25 04:00:00,47,0.10103333333333334
2026-02-23,2026-02-24 23:00:00,2026-02-25 05:00:00,48,0.10216666666666666
2026-02-24,2026-02-24 00:00:00,2026-02-24 06:00:00,1,0.7632083333333335
2026-02-24,2026-02-24 01:00:00,2026-02-24 07:00:00,2,0.7492083333333335
2026-02-24,2026-02-24 02:00:00,2026-02-24 08:00:00,3,0.6921354166666661
2026-02-24,2026-02-24 03:00:00,2026-02-24 09:00:00,4,0.5806041666666669
2026-02-24,2026-02-24 04:00:00,2026-02-24 10:00:00,5,0.5393958333333333
2026-02-24,2026-02-24 05:00:00,2026-02-24 11:00:00,6,0.49817499999999976
2026-02-24,2026-02-24 06:00:00,2026-02-24 12:00:00,7,0.3885687500000001
2026-02-24,2026-02-24 07:00:00,2026-02-24 13:00:00,8,0.36216875000000004
2026-02-24,2026-02-24 08:00:00,2026-02-24 14:00:00,9,0.35928125000000005
2026-02-24,2026-02-24 09:00:00,2026-02-24 15:00:00,10,0.36732500000000007
2026-02-24,2026-02-24 10:00:00,2026-02-24 16:00:00,11,0.3555687499999999
2026-02-24,2026-02-24 11:00:00,2026-02-24 17:00:00,12,0.313775
2026-02-24,2026-02-24 12:00:00,2026-02-24 18:00:00,13,0.26100833333333334
2026-02-24,2026-02-24 13:00:00,2026-02-24 19:00:00,14,0.21569166666666661
2026-02-24,2026-02-24 14:00:00,2026-02-24 20:00:00,15,0.18765
2026-02-24,2026-02-24 15:00:00,2026-02-24 21:00:00,16,0.11375833333333334
2026-02-24,2026-02-24 16:00:00,2026-02-24 22:00:00,17,0.05766666666666667
2026-02-24,2026-02-24 17:00:00,2026-02-24 23:00:00,18,0.021333333333333333
2026-02-24,2026-02-24 18:00:00,2026-02-25 00:00:00,19,0.012533333333333334
2026-02-24,2026-02-24 19:00:00,2026-02-25 01:00:00,20,0.010604166666666666
2026-02-24,2026-02-24 20:00:00,2026-02-25 02:00:00,21,0.015433333333333334
2026-02-24,2026-02-24 21:00:00,2026-02-25 03:00:00,22,0.021058333333333335
2026-02-24,2026-02-24 22:00:00,2026-02-25 04:00:00,23,0.05000625
2026-02-24,2026-02-24 23:00:00,2026-02-25 05:00:00,24,0.11229166666666666
2026-02-24,2026-02-25 00:00:00,2026-02-25 06:00:00,25,0.26159791666666665
2026-02-24,2026-02-25 01:00:00,2026-02-25 07:00:00,26,0.39918750000000003
2026-02-24,2026-02-25 02:00:00,2026-02-25 08:00:00,27,0.4929666666666668
2026-02-24,2026-02-25 03:00:00,2026-02-25 09:00:00,28,0.6662583333333334
2026-02-24,2026-02-25 04:00:00,2026-02-25 10:00:00,29,0.6748208333333334
2026-02-24,2026-02-25 05:00:00,2026-02-25 11:00:00,30,0.5583708333333329
2026-02-24,2026-02-25 06:00:00,2026-02-25 12:00:00,31,0.5028833333333333
2026-02-24,2026-02-25 07:00:00,2026-02-25 13:00:00,32,0.4481
2026-02-24,2026-02-25 08:00:00,2026-02-25 14:00:00,33,0.401625
2026-02-24,2026-02-25 09:00:00,2026-02-25 15:00:00,34,0.3549666666666667
2026-02-24,2026-02-25 10:00:00,2026-02-25 16:00:00,35,0.30462916666666673
2026-02-24,2026-02-25 11:00:00,2026-02-25 17:00:00,36,0.25669791666666675
2026-02-24,2026-02-25 12:00:00,2026-02-25 18:00:00,37,0.20204166666666667
2026-02-24,2026-02-25 13:00:00,2026-02-25 19:00:00,38,0.19716666666666666
2026-02-24,2026-02-25 14:00:00,2026-02-25 20:00:00,39,0.21526041666666668
2026-02-24,2026-02-25 15:00:00,2026-02-25 21:00:00,40,0.28891666666666665
2026-02-24,2026-02-25 16:00:00,2026-02-25 22:00:00,41,0.5954833333333336
2026-02-24,2026-02-25 17:00:00,2026-02-25 23:00:00,42,0.7124999999999999
2026-02-24,2026-02-25 18:00:00,2026-02-26 00:00:00,43,0.7193249999999992
2026-02-24,2026-02-25 19:00:00,2026-02-26 01:00:00,44,0.7124999999999999
2026-02-24,2026-02-25 20:00:00,2026-02-26 02:00:00,45,0.7124999999999999
2026-02-24,2026-02-25 21:00:00,2026-02-26 03:00:00,46,0.7124999999999999
2026-02-24,2026-02-25 22:00:00,2026-02-26 04:00:00,47,0.7124999999999999
2026-02-24,2026-02-25 23:00:00,2026-02-26 05:00:00,48,0.7124999999999999
2026-02-25,2026-02-25 00:00:00,2026-02-25 06:00:00,1,0.0625
2026-02-25,2026-02-25 01:00:00,2026-02-25 07:00:00,2,0.11595208333333334
2026-02-25,2026-02-25 02:00:00,2026-02-25 08:00:00,3,0.18635000000000002
2026-02-25,2026-02-25 03:00:00,2026-02-25 09:00:00,4,0.1817583333333333
2026-02-25,2026-02-25 04:00:00,2026-02-25 10:00:00,5,0.11814583333333334
2026-02-25,2026-02-25 05:00:00,2026-02-25 11:00:00,6,0.07313333333333327
2026-02-25,2026-02-25 06:00:00,2026-02-25 12:00:00,7,0.0625
2026-02-25,2026-02-25 07:00:00,2026-02-25 13:00:00,8,0.050222916666666666
2026-02-25,2026-02-25 08:00:00,2026-02-25 14:00:00,9,0.04223541666666668
2026-02-25,2026-02-25 09:00:00,2026-02-25 15:00:00,10,0.023874999999999997
2026-02-25,2026-02-25 10:00:00,2026-02-25 16:00:00,11,0.024456249999999995
2026-02-25,2026-02-25 11:00:00,2026-02-25 17:00:00,12,0.05613958333333334
2026-02-25,2026-02-25 12:00:00,2026-02-25 18:00:00,13,0.0625
2026-02-25,2026-02-25 13:00:00,2026-02-25 19:00:00,14,0.08304166666666671
2026-02-25,2026-02-25 14:00:00,2026-02-25 20:00:00,15,0.11702083333333335
2026-02-25,2026-02-25 15:00:00,2026-02-25 21:00:00,16,0.14165416666666664
2026-02-25,2026-02-25 16:00:00,2026-02-25 22:00:00,17,0.39941666666666664
2026-02-25,2026-02-25 17:00:00,2026-02-25 23:00:00,18,0.5179
2026-02-25,2026-02-25 18:00:00,2026-02-26 00:00:00,19,0.7380145833333333
2026-02-25,2026-02-25 19:00:00,2026-02-26 01:00:00,20,0.7951875000000002
2026-02-25,2026-02-25 20:00:00,2026-02-26 02:00:00,21,0.8017375000000001
2026-02-25,2026-02-25 21:00:00,2026-02-26 03:00:00,22,0.7695333333333336
2026-02-25,2026-02-25 22:00:00,2026-02-26 04:00:00,23,0.7296895833333333
2026-02-25,2026-02-25 23:00:00,2026-02-26 05:00:00,24,0.7130395833333333
2026-02-25,2026-02-26 00:00:00,2026-02-26 06:00:00,25,0.7262208333333333
2026-02-25,2026-02-26 01:00:00,2026-02-26 07:00:00,26,0.8594166666666668
2026-02-25,2026-02-26 02:00:00,2026-02-26 08:00:00,27,0.8377625000000003
2026-02-25,2026-02-26 03:00:00,2026-02-26 09:00:00,28,0.4082708333333335
2026-02-25,2026-02-26 04:00:00,2026-02-26 10:00:00,29,0.20260416666666664
2026-02-25,2026-02-26 05:00:00,2026-02-26 11:00:00,30,0.26644166666666663
2026-02-25,2026-02-26 06:00:00,2026-02-26 12:00:00,31,0.3017416666666667
2026-02-25,2026-02-26 07:00:00,2026-02-26 13:00:00,32,0.3031416666666667
2026-02-25,2026-02-26 08:00:00,2026-02-26 14:00:00,33,0.4201208333333333
2026-02-25,2026-02-26 09:00:00,2026-02-26 15:00:00,34,0.47964999999999997
2026-02-25,2026-02-26 10:00:00,2026-02-26 16:00:00,35,0.41913333333333347
2026-02-25,2026-02-26 11:00:00,2026-02-26 17:00:00,36,0.40066666666666667
2026-02-25,2026-02-26 12:00:00,2026-02-26 18:00:00,37,0.39977083333333335
2026-02-25,2026-02-26 13:00:00,2026-02-26 19:00:00,38,0.39989583333333334
2026-02-25,2026-02-26 14:00:00,2026-02-26 20:00:00,39,0.5772083333333334
2026-02-25,2026-02-26 15:00:00,2026-02-26 21:00:00,40,0.8742874999999999
2026-02-25,2026-02-26 16:00:00,2026-02-26 22:00:00,41,0.9075
2026-02-25,2026-02-26 17:00:00,2026-02-26 23:00:00,42,0.6023666666666662
2026-02-25,2026-02-26 18:00:00,2026-02-27 00:00:00,43,0.42162499999999997
2026-02-25,2026-02-26 19:00:00,2026-02-27 01:00:00,44,0.4508083333333333
2026-02-25,2026-02-26 20:00:00,2026-02-27 02:00:00,45,0.4971333333333334
2026-02-25,2026-02-26 21:00:00,2026-02-27 03:00:00,46,0.5001083333333332
2026-02-25,2026-02-26 22:00:00,2026-02-27 04:00:00,47,0.5207499999999997
2026-02-25,2026-02-26 23:00:00,2026-02-27 05:00:00,48,0.47843333333333327
2026-02-26,2026-02-26 00:00:00,2026-02-26 06:00:00,1,0.8353958333333331
2026-02-26,2026-02-26 01:00:00,2026-02-26 07:00:00,2,0.7566458333333332
2026-02-26,2026-02-26 02:00:00,2026-02-26 08:00:00,3,0.526775
2026-02-26,2026-02-26 03:00:00,2026-02-26 09:00:00,4,0.2515833333333333
2026-02-26,2026-02-26 04:00:00,2026-02-26 10:00:00,5,0.08328333333333332
2026-02-26,2026-02-26 05:00:00,2026-02-26 11:00:00,6,0.09319166666666666
2026-02-26,2026-02-26 06:00:00,2026-02-26 12:00:00,7,0.22491875
2026-02-26,2026-02-26 07:00:00,2026-02-26 13:00:00,8,0.33766250000000003
2026-02-26,2026-02-26 08:00:00,2026-02-26 14:00:00,9,0.3555687499999999
2026-02-26,2026-02-26 09:00:00,2026-02-26 15:00:00,10,0.32847499999999996
2026-02-26,2026-02-26 10:00:00,2026-02-26 16:00:00,11,0.3660875
2026-02-26,2026-02-26 11:00:00,2026-02-26 17:00:00,12,0.5236875
2026-02-26,2026-02-26 12:00:00,2026-02-26 18:00:00,13,0.56536875
2026-02-26,2026-02-26 13:00:00,2026-02-26 19:00:00,14,0.6039479166666666
2026-02-26,2026-02-26 14:00:00,2026-02-26 20:00:00,15,0.7137499999999994
2026-02-26,2026-02-26 15:00:00,2026-02-26 21:00:00,16,0.8680791666666665
2026-02-26,2026-02-26 16:00:00,2026-02-26 22:00:00,17,0.8642583333333335
2026-02-26,2026-02-26 17:00:00,2026-02-26 23:00:00,18,0.8739416666666668
2026-02-26,2026-02-26 18:00:00,2026-02-27 00:00:00,19,0.9251166666666666
2026-02-26,2026-02-26 19:00:00,2026-02-27 01:00:00,20,0.9239666666666666
2026-02-26,2026-02-26 20:00:00,2026-02-27 02:00:00,21,0.9026458333333334
2026-02-26,2026-02-26 21:00:00,2026-02-27 03:00:00,22,0.8531916666666666
2026-02-26,2026-02-26 22:00:00,2026-02-27 04:00:00,23,0.6688270833333334
2026-02-26,2026-02-26 23:00:00,2026-02-27 05:00:00,24,0.4929666666666668
2026-02-26,2026-02-27 00:00:00,2026-02-27 06:00:00,25,0.442175
2026-02-26,2026-02-27 01:00:00,2026-02-27 07:00:00,26,0.39960416666666665
2026-02-26,2026-02-27 02:00:00,2026-02-27 08:00:00,27,0.35156666666666647
2026-02-26,2026-02-27 03:00:00,2026-02-27 09:00:00,28,0.30331666666666673
2026-02-26,2026-02-27 04:00:00,2026-02-27 10:00:00,29,0.25231041666666665
2026-02-26,2026-02-27 05:00:00,2026-02-27 11:00:00,30,0.2408541666666666
2026-02-26,2026-02-27 06:00:00,2026-02-27 12:00:00,31,0.2980666666666667
2026-02-26,2026-02-27 07:00:00,2026-02-27 13:00:00,32,0.40139583333333334
2026-02-26,2026-02-27 08:00:00,2026-02-27 14:00:00,33,0.5523770833333336
2026-02-26,2026-02-27 09:00:00,2026-02-27 15:00:00,34,0.7744458333333334
2026-02-26,2026-02-27 10:00:00,2026-02-27 16:00:00,35,0.9232166666666667
2026-02-26,2026-02-27 11:00:00,2026-02-27 17:00:00,36,0.9375166666666667
2026-02-26,2026-02-27 12:00:00,2026-02-27 18:00:00,37,0.9376791666666667
2026-02-26,2026-02-27 13:00:00,2026-02-27 19:00:00,38,0.9262666666666667
2026-02-26,2026-02-27 14:00:00,2026-02-27 20:00:00,39,0.8739416666666668
2026-02-26,2026-02-27 15:00:00,2026-02-27 21:00:00,40,0.777175
2026-02-26,2026-02-27 16:00:00,2026-02-27 22:00:00,41,0.9077
2026-02-26,2026-02-27 17:00:00,2026-02-27 23:00:00,42,0.834375
2026-02-26,2026-02-27 18:00:00,2026-02-28 00:00:00,43,0.7124999999999999
2026-02-26,2026-02-27 19:00:00,2026-02-28 01:00:00,44,0.696766666666667
2026-02-26,2026-02-27 20:00:00,2026-02-28 02:00:00,45,0.6171166666666668
2026-02-26,2026-02-27 21:00:00,2026-02-28 03:00:00,46,0.5905666666666665
2026-02-26,2026-02-27 22:00:00,2026-02-28 04:00:00,47,0.6023666666666662
2026-02-26,2026-02-27 23:00:00,2026-02-28 05:00:00,48,0.5154083333333335
2026-02-27,2026-02-27 00:00:00,2026-02-27 06:00:00,1,0.33083749999999995
2026-02-27,2026-02-27 01:00:00,2026-02-27 07:00:00,2,0.2685
2026-02-27,2026-02-27 02:00:00,2026-02-27 08:00:00,3,0.22427499999999997
2026-02-27,2026-02-27 03:00:00,2026-02-27 09:00:00,4,0.2144041666666667
2026-02-27,2026-02-27 04:00:00,2026-02-27 10:00:00,5,0.20185
2026-02-27,2026-02-27 05:00:00,2026-02-27 11:00:00,6,0.19255000000000003
2026-02-27,2026-02-27 06:00:00,2026-02-27 12:00:00,7,0.20753750000000004
2026-02-27,2026-02-27 07:00:00,2026-02-27 13:00:00,8,0.2926666666666666
2026-02-27,2026-02-27 08:00:00,2026-02-27 14:00:00,9,0.40319375
2026-02-27,2026-02-27 09:00:00,2026-02-27 15:00:00,10,0.55854375
2026-02-27,2026-02-27 10:00:00,2026-02-27 16:00:00,11,0.8314583333333333
2026-02-27,2026-02-27 11:00:00,2026-02-27 17:00:00,12,0.9475166666666666
2026-02-27,2026-02-27 12:00:00,2026-02-27 18:00:00,13,0.9520833333333334
2026-02-27,2026-02-27 13:00:00,2026-02-27 19:00:00,14,0.9520833333333334
2026-02-27,2026-02-27 14:00:00,2026-02-27 20:00:00,15,0.9520833333333334
2026-02-27,2026-02-27 15:00:00,2026-02-27 21:00:00,16,0.9158354166666668
2026-02-27,2026-02-27 16:00:00,2026-02-27 22:00:00,17,0.7183583333333333
2026-02-27,2026-02-27 17:00:00,2026-02-27 23:00:00,18,0.5909083333333338
2026-02-27,2026-02-27 18:00:00,2026-02-28 00:00:00,19,0.5136499999999998
2026-02-27,2026-02-27 19:00:00,2026-02-28 01:00:00,20,0.5247
2026-02-27,2026-02-27 20:00:00,2026-02-28 02:00:00,21,0.5592270833333334
2026-02-27,2026-02-27 21:00:00,2026-02-28 03:00:00,22,0.6020395833333334
2026-02-27,2026-02-27 22:00:00,2026-02-28 04:00:00,23,0.6993958333333333
2026-02-27,2026-02-27 23:00:00,2026-02-28 05:00:00,24,0.7414833333333335
2026-02-27,2026-02-28 00:00:00,2026-02-28 06:00:00,25,0.7547958333333334
2026-02-27,2026-02-28 01:00:00,2026-02-28 07:00:00,26,0.7137333333333333
2026-02-27,2026-02-28 02:00:00,2026-02-28 08:00:00,27,0.6345770833333336
2026-02-27,2026-02-28 03:00:00,2026-02-28 09:00:00,28,0.5395333333333336
2026-02-27,2026-02-28 04:00:00,2026-02-28 10:00:00,29,0.5213000000000001
2026-02-27,2026-02-28 05:00:00,2026-02-28 11:00:00,30,0.6311520833333336
2026-02-27,2026-02-28 06:00:00,2026-02-28 12:00:00,31,0.7070270833333333
2026-02-27,2026-02-28 07:00:00,2026-02-28 13:00:00,32,0.7153520833333334
2026-02-27,2026-02-28 08:00:00,2026-02-28 14:00:00,33,0.7211333333333335
2026-02-27,2026-02-28 09:00:00,2026-02-28 15:00:00,34,0.7014770833333334
2026-02-27,2026-02-28 10:00:00,2026-02-28 16:00:00,35,0.5301145833333332
2026-02-27,2026-02-28 11:00:00,2026-02-28 17:00:00,36,0.45501250000000004
2026-02-27,2026-02-28 12:00:00,2026-02-28 18:00:00,37,0.40191666666666664
2026-02-27,2026-02-28 13:00:00,2026-02-28 19:00:00,38,0.3536916666666667
2026-02-27,2026-02-28 14:00:00,2026-02-28 20:00:00,39,0.29867916666666666
2026-02-27,2026-02-28 15:00:00,2026-02-28 21:00:00,40,0.2542604166666667
2026-02-27,2026-02-28 16:00:00,2026-02-28 22:00:00,41,0.35644166666666666
2026-02-27,2026-02-28 17:00:00,2026-02-28 23:00:00,42,0.3084458333333333
2026-02-27,2026-02-28 18:00:00,2026-03-01 00:00:00,43,0.22459583333333324
2026-02-27,2026-02-28 19:00:00,2026-03-01 01:00:00,44,0.19564166666666669
2026-02-27,2026-02-28 20:00:00,2026-03-01 02:00:00,45,0.17847499999999994
2026-02-27,2026-02-28 21:00:00,2026-03-01 03:00:00,46,0.15934999999999996
2026-02-27,2026-02-28 22:00:00,2026-03-01 04:00:00,47,0.17762499999999995
2026-02-27,2026-02-28 23:00:00,2026-03-01 05:00:00,48,0.19835
2026-02-28,2026-02-28 00:00:00,2026-02-28 06:00:00,1,0.7982083333333333
2026-02-28,2026-02-28 01:00:00,2026-02-28 07:00:00,2,0.8139583333333333
2026-02-28,2026-02-28 02:00:00,2026-02-28 08:00:00,3,0.9035624999999999
2026-02-28,2026-02-28 03:00:00,2026-02-28 09:00:00,4,0.9520833333333334
2026-02-28,2026-02-28 04:00:00,2026-02-28 10:00:00,5,0.9520833333333334
2026-02-28,2026-02-28 05:00:00,2026-02-28 11:00:00,6,0.9520833333333334
2026-02-28,2026-02-28 06:00:00,2026-02-28 12:00:00,7,0.9520833333333334
2026-02-28,2026-02-28 07:00:00,2026-02-28 13:00:00,8,0.9520833333333334
2026-02-28,2026-02-28 08:00:00,2026-02-28 14:00:00,9,0.9520833333333334
2026-02-28,2026-02-28 09:00:00,2026-02-28 15:00:00,10,0.93695625
2026-02-28,2026-02-28 10:00:00,2026-02-28 16:00:00,11,0.8870125000000001
2026-02-28,2026-02-28 11:00:00,2026-02-28 17:00:00,12,0.7973333333333332
2026-02-28,2026-02-28 12:00:00,2026-02-28 18:00:00,13,0.5953020833333337
2026-02-28,2026-02-28 13:00:00,2026-02-28 19:00:00,14,0.532625
2026-02-28,2026-02-28 14:00:00,2026-02-28 20:00:00,15,0.47314999999999985
2026-02-28,2026-02-28 15:00:00,2026-02-28 21:00:00,16,0.38382499999999997
2026-02-28,2026-02-28 16:00:00,2026-02-28 22:00:00,17,0.20485416666666667
2026-02-28,2026-02-28 17:00:00,2026-02-28 23:00:00,18,0.20785416666666667
2026-02-28,2026-02-28 18:00:00,2026-03-01 00:00:00,19,0.22622916666666656
2026-02-28,2026-02-28 19:00:00,2026-03-01 01:00:00,20,0.2035416666666666
2026-02-28,2026-02-28 20:00:00,2026-03-01 02:00:00,21,0.19472916666666668
2026-02-28,2026-02-28 21:00:00,2026-03-01 03:00:00,22,0.18910416666666674
2026-02-28,2026-02-28 22:00:00,2026-03-01 04:00:00,23,0.17316666666666672
2026-02-28,2026-02-28 23:00:00,2026-03-01 05:00:00,24,0.1921041666666667
2026-02-28,2026-03-01 00:00:00,2026-03-01 06:00:00,25,0.20747916666666666
2026-02-28,2026-03-01 01:00:00,2026-03-01 07:00:00,26,0.17410416666666673
2026-02-28,2026-03-01 02:00:00,2026-03-01 08:00:00,27,0.13022916666666665
2026-02-28,2026-03-01 03:00:00,2026-03-01 09:00:00,28,0.10375
2026-02-28,2026-03-01 04:00:00,2026-03-01 10:00:00,29,0.07441666666666667
2026-02-28,2026-03-01 05:00:00,2026-03-01 11:00:00,30,0.05844791666666668
2026-02-28,2026-03-01 06:00:00,2026-03-01 12:00:00,31,0.04868125000000001
2026-02-28,2026-03-01 07:00:00,2026-03-01 13:00:00,32,0.05475416666666669
2026-02-28,2026-03-01 08:00:00,2026-03-01 14:00:00,33,0.05685416666666667
2026-02-28,2026-03-01 09:00:00,2026-03-01 15:00:00,34,0.05838541666666667
2026-02-28,2026-03-01 10:00:00,2026-03-01 16:00:00,35,0.05847916666666667
2026-02-28,2026-03-01 11:00:00,2026-03-01 17:00:00,36,0.03063333333333334
2026-02-28,2026-03-01 12:00:00,2026-03-01 18:00:00,37,0.020833333333333336
2026-02-28,2026-03-01 13:00:00,2026-03-01 19:00:00,38,0.018508333333333335
2026-02-28,2026-03-01 14:00:00,2026-03-01 20:00:00,39,0.024883333333333327
2026-02-28,2026-03-01 15:00:00,2026-03-01 21:00:00,40,0.09479166666666666
2026-02-28,2026-03-01 16:00:00,2026-03-01 22:00:00,41,0.048083333333333325
2026-02-28,2026-03-01 17:00:00,2026-03-01 23:00:00,42,0.14957499999999996
2026-02-28,2026-03-01 18:00:00,2026-03-02 00:00:00,43,0.34299375
2026-02-28,2026-03-01 19:00:00,2026-03-02 01:00:00,44,0.49968333333333353
2026-02-28,2026-03-01 20:00:00,2026-03-02 02:00:00,45,0.7583249999999998
2026-02-28,2026-03-01 21:00:00,2026-03-02 03:00:00,46,0.8597249999999997
2026-02-28,2026-03-01 22:00:00,2026-03-02 04:00:00,47,0.8860500000000001
2026-02-28,2026-03-01 23:00:00,2026-03-02 05:00:00,48,0.8226750000000002
